match_id,stage_id,stage_name,is_group_stage,group_name,date_utc,referee,attendance,side,team,opponent,score,opponent_score,possession_pct,fouls,yellow_cards,red_cards,shots,shots_on_target,passes,passes_completed,corners,offsides,possession_contested_pct,goals_for,goals_against,Goal: Inside the Penalty Area,Goal: Outside the Penalty Area,assists,Attempts at Goal: Off Target,Attempts at Goal: Inside the Penalty Area,Attempts at Goal: Outside the Penalty Area,Final Third Entries: Left Channel,Final Third Entries: Left Inside Channel,Final Third Entries: Central Channel,Final Third Entries: Right Inside Channel,Final Third Entries: Right Channel,Offers to Receive: Total,Offers to Receive: In Behind,Offers to Receive: In Between,Offers to Receive: In Front,Offers to Receive: Receptions Between Midfield and Defensive Lines,Offers to Receive: Receptions Behind the Defensive Line,Line Breaks: Attempted Line Breaks,Line Breaks: Completed Line Breaks,Line Breaks: Attempted Defensive Line Breaks,Line Breaks: Completed Defensive Line Breaks,Distribution: Crosses,Distribution: Crosses Completed,Distribution: Switches of Play Completed,Set Plays: Free Kicks,Set Plays: Penalties Scored,Defending: Own Goals,Defending: Forced Turnovers,Defending: Pressing Applied
400021440,289273,Group stage,True,Group A,2026-06-18T16:00:00Z,Tori PENSO,67442,away,South Africa,Czechia,1,1,60.0,10.0,2.0,0.0,17.0,4.0,584.0,518.0,5.0,3.0,8.0,1.0,1.0,1.0,0.0,0.0,6.0,6.0,11.0,14.0,8.0,7.0,10.0,15.0,472.0,138.0,181.0,153.0,95.0,8.0,193.0,127.0,14.0,8.0,16.0,3.0,6.0,13.0,1.0,0.0,44.0,233.0
400021440,289273,Group stage,True,Group A,2026-06-18T16:00:00Z,Tori PENSO,67442,home,Czechia,South Africa,1,1,32.0,12.0,1.0,0.0,14.0,3.0,352.0,279.0,5.0,2.0,8.0,1.0,1.0,1.0,0.0,1.0,5.0,11.0,3.0,18.0,7.0,7.0,3.0,7.0,261.0,76.0,119.0,66.0,89.0,7.0,174.0,105.0,17.0,6.0,15.0,8.0,4.0,13.0,0.0,0.0,41.0,343.0
400021441,289273,Group stage,True,Group A,2026-06-12T02:00:00Z,Amin MOHAMED,44985,away,Czechia,Korea Republic,1,2,34.0,16.0,0.0,0.0,7.0,4.0,327.0,241.0,5.0,2.0,11.0,1.0,2.0,1.0,0.0,1.0,2.0,5.0,2.0,7.0,5.0,8.0,7.0,11.0,197.0,82.0,66.0,49.0,86.0,5.0,150.0,61.0,13.0,5.0,15.0,4.0,2.0,11.0,0.0,0.0,40.0,301.0
400021441,289273,Group stage,True,Group A,2026-06-12T02:00:00Z,Amin MOHAMED,44985,home,Korea Republic,Czechia,2,1,55.0,9.0,1.0,0.0,15.0,6.0,542.0,483.0,4.0,2.0,11.0,2.0,1.0,2.0,0.0,2.0,6.0,10.0,5.0,13.0,8.0,8.0,14.0,15.0,386.0,89.0,123.0,174.0,96.0,14.0,161.0,106.0,20.0,10.0,17.0,6.0,5.0,18.0,0.0,0.0,30.0,147.0
400021442,289273,Group stage,True,Group A,2026-06-19T01:00:00Z,Gustavo TEJERA,45522,away,Korea Republic,Mexico,0,1,51.0,7.0,2.0,0.0,9.0,2.0,593.0,510.0,2.0,6.0,9.0,0.0,1.0,0.0,0.0,0.0,4.0,6.0,3.0,16.0,4.0,5.0,3.0,13.0,381.0,79.0,126.0,176.0,73.0,10.0,182.0,92.0,21.0,9.0,8.0,4.0,4.0,12.0,0.0,0.0,48.0,217.0
400021442,289273,Group stage,True,Group A,2026-06-19T01:00:00Z,Gustavo TEJERA,45522,home,Mexico,Korea Republic,1,0,40.0,9.0,0.0,0.0,8.0,4.0,432.0,360.0,0.0,3.0,9.0,1.0,0.0,1.0,0.0,0.0,3.0,5.0,3.0,11.0,3.0,7.0,2.0,3.0,456.0,115.0,192.0,149.0,84.0,4.0,173.0,90.0,19.0,4.0,5.0,3.0,1.0,13.0,0.0,0.0,46.0,265.0
400021443,289273,Group stage,True,Group A,2026-06-11T19:00:00Z,Wilton SAMPAIO,80824,away,South Africa,Mexico,0,2,36.0,11.0,2.0,2.0,3.0,2.0,351.0,290.0,1.0,1.0,8.0,0.0,2.0,0.0,0.0,0.0,1.0,1.0,2.0,6.0,4.0,3.0,2.0,11.0,247.0,60.0,85.0,102.0,38.0,5.0,130.0,70.0,12.0,3.0,8.0,0.0,6.0,13.0,0.0,0.0,32.0,306.0
400021443,289273,Group stage,True,Group A,2026-06-11T19:00:00Z,Wilton SAMPAIO,80824,home,Mexico,South Africa,2,0,57.0,12.0,1.0,1.0,16.0,4.0,547.0,495.0,3.0,1.0,8.0,2.0,0.0,2.0,0.0,2.0,8.0,9.0,7.0,16.0,7.0,7.0,7.0,12.0,424.0,97.0,179.0,148.0,116.0,11.0,170.0,121.0,19.0,10.0,13.0,3.0,8.0,12.0,0.0,0.0,31.0,170.0
400021444,289273,Group stage,True,Group A,2026-06-25T01:00:00Z,Yael FALCON PEREZ,80824,away,Mexico,Czechia,3,0,46.0,13.0,1.0,0.0,11.0,5.0,394.0,340.0,1.0,0.0,100.0,3.0,0.0,3.0,0.0,3.0,4.0,9.0,2.0,11.0,3.0,11.0,3.0,15.0,444.0,109.0,199.0,136.0,95.0,6.0,142.0,85.0,14.0,5.0,14.0,2.0,4.0,10.0,0.0,0.0,35.0,233.0
400021444,289273,Group stage,True,Group A,2026-06-25T01:00:00Z,Yael FALCON PEREZ,80824,home,Czechia,Mexico,0,3,44.0,9.0,0.0,0.0,13.0,1.0,423.0,352.0,5.0,1.0,100.0,0.0,3.0,0.0,0.0,0.0,8.0,6.0,7.0,13.0,5.0,10.0,1.0,17.0,282.0,74.0,120.0,88.0,70.0,7.0,163.0,100.0,15.0,6.0,20.0,4.0,3.0,13.0,0.0,0.0,38.0,213.0
400021445,289273,Group stage,True,Group A,2026-06-25T01:00:00Z,Facundo TELLO,51243,away,Korea Republic,South Africa,0,1,60.0,9.0,1.0,0.0,8.0,3.0,718.0,657.0,6.0,0.0,10.0,0.0,1.0,0.0,0.0,0.0,3.0,5.0,3.0,33.0,5.0,8.0,7.0,29.0,434.0,99.0,178.0,157.0,105.0,16.0,184.0,145.0,24.0,20.0,39.0,8.0,9.0,10.0,0.0,0.0,28.0,199.0
400021445,289273,Group stage,True,Group A,2026-06-25T01:00:00Z,Facundo TELLO,51243,home,South Africa,Korea Republic,1,0,30.0,7.0,1.0,0.0,13.0,4.0,345.0,279.0,4.0,3.0,10.0,1.0,0.0,1.0,0.0,1.0,7.0,5.0,8.0,9.0,3.0,7.0,9.0,7.0,189.0,58.0,88.0,43.0,74.0,3.0,154.0,83.0,12.0,2.0,7.0,1.0,5.0,9.0,0.0,0.0,40.0,321.0
400021446,289273,Group stage,True,Group B,2026-06-18T19:00:00Z,Joao PINHEIRO,70026,away,Bosnia and Herzegovina,Switzerland,1,4,34.0,17.0,2.0,1.0,5.0,3.0,359.0,289.0,3.0,1.0,10.0,1.0,4.0,1.0,0.0,0.0,0.0,3.0,2.0,17.0,2.0,2.0,1.0,5.0,205.0,49.0,82.0,74.0,57.0,5.0,155.0,77.0,16.0,6.0,14.0,1.0,3.0,10.0,0.0,0.0,42.0,339.0
400021446,289273,Group stage,True,Group B,2026-06-18T19:00:00Z,Joao PINHEIRO,70026,home,Switzerland,Bosnia and Herzegovina,4,1,57.0,7.0,1.0,0.0,13.0,7.0,601.0,531.0,7.0,3.0,10.0,4.0,1.0,4.0,0.0,2.0,6.0,9.0,4.0,29.0,14.0,9.0,6.0,10.0,464.0,147.0,173.0,144.0,109.0,18.0,206.0,136.0,27.0,18.0,24.0,1.0,6.0,18.0,1.0,0.0,46.0,234.0
400021447,289273,Group stage,True,Group B,2026-06-13T19:00:00Z,Said MARTINEZ,67966,away,Switzerland,Qatar,1,1,58.0,11.0,1.0,0.0,26.0,7.0,591.0,542.0,10.0,1.0,15.0,1.0,1.0,1.0,0.0,0.0,10.0,18.0,8.0,30.0,13.0,17.0,6.0,28.0,325.0,118.0,117.0,90.0,143.0,20.0,189.0,144.0,30.0,17.0,34.0,7.0,5.0,11.0,1.0,1.0,42.0,165.0
400021447,289273,Group stage,True,Group B,2026-06-13T19:00:00Z,Said MARTINEZ,67966,home,Qatar,Switzerland,1,1,28.0,12.0,2.0,0.0,6.0,3.0,289.0,213.0,3.0,0.0,15.0,1.0,1.0,0.0,0.0,0.0,2.0,4.0,2.0,11.0,4.0,2.0,0.0,8.0,216.0,61.0,95.0,60.0,47.0,5.0,150.0,68.0,16.0,2.0,8.0,1.0,4.0,12.0,0.0,0.0,36.0,294.0
400021448,289273,Group stage,True,Group B,2026-06-24T19:00:00Z,Jesus VALENZUELA,66925,away,Qatar,Bosnia and Herzegovina,1,3,42.0,14.0,1.0,0.0,9.0,3.0,457.0,388.0,5.0,3.0,10.0,1.0,3.0,1.0,0.0,1.0,6.0,5.0,4.0,16.0,3.0,6.0,8.0,9.0,333.0,83.0,149.0,101.0,73.0,14.0,209.0,113.0,38.0,14.0,18.0,8.0,6.0,10.0,0.0,1.0,42.0,264.0
400021448,289273,Group stage,True,Group B,2026-06-24T19:00:00Z,Jesus VALENZUELA,66925,home,Bosnia and Herzegovina,Qatar,3,1,48.0,9.0,1.0,0.0,14.0,5.0,521.0,461.0,5.0,1.0,10.0,3.0,1.0,1.0,1.0,2.0,6.0,4.0,10.0,17.0,5.0,14.0,0.0,20.0,369.0,110.0,128.0,131.0,72.0,8.0,156.0,109.0,13.0,8.0,25.0,3.0,4.0,17.0,0.0,0.0,43.0,248.0
400021449,289273,Group stage,True,Group B,2026-06-12T19:00:00Z,Facundo TELLO,43002,away,Bosnia and Herzegovina,Canada,1,1,29.0,20.0,3.0,0.0,8.0,3.0,279.0,186.0,4.0,0.0,20.0,1.0,1.0,1.0,0.0,1.0,4.0,5.0,3.0,8.0,2.0,11.0,4.0,11.0,126.0,33.0,65.0,28.0,75.0,5.0,154.0,70.0,15.0,4.0,8.0,5.0,1.0,11.0,0.0,0.0,51.0,203.0
400021449,289273,Group stage,True,Group B,2026-06-12T19:00:00Z,Facundo TELLO,43002,home,Canada,Bosnia and Herzegovina,1,1,52.0,10.0,2.0,0.0,13.0,4.0,412.0,316.0,9.0,1.0,20.0,1.0,1.0,1.0,0.0,1.0,6.0,10.0,3.0,22.0,15.0,9.0,5.0,23.0,294.0,128.0,114.0,52.0,119.0,15.0,190.0,110.0,31.0,16.0,30.0,5.0,2.0,20.0,0.0,0.0,50.0,160.0
400021450,289273,Group stage,True,Group B,2026-06-18T22:00:00Z,Cristian GARAY,52497,away,Qatar,Canada,0,6,20.0,10.0,1.0,2.0,2.0,0.0,166.0,107.0,1.0,1.0,15.0,0.0,6.0,0.0,0.0,0.0,2.0,1.0,1.0,4.0,1.0,0.0,1.0,4.0,94.0,25.0,41.0,28.0,26.0,3.0,102.0,31.0,17.0,3.0,2.0,1.0,0.0,10.0,0.0,1.0,23.0,274.0
400021450,289273,Group stage,True,Group B,2026-06-18T22:00:00Z,Cristian GARAY,52497,home,Canada,Qatar,6,0,65.0,9.0,1.0,0.0,33.0,11.0,575.0,535.0,19.0,1.0,15.0,6.0,0.0,4.0,1.0,1.0,10.0,21.0,12.0,20.0,5.0,15.0,11.0,37.0,502.0,158.0,138.0,206.0,150.0,29.0,172.0,148.0,28.0,23.0,61.0,15.0,3.0,11.0,0.0,0.0,31.0,107.0
400021451,289273,Group stage,True,Group B,2026-06-24T19:00:00Z,Ramon ABATTI,52497,away,Canada,Switzerland,1,2,40.0,13.0,2.0,0.0,13.0,7.0,353.0,275.0,7.0,3.0,12.0,1.0,2.0,1.0,0.0,1.0,6.0,11.0,2.0,19.0,9.0,8.0,8.0,19.0,248.0,92.0,86.0,70.0,91.0,8.0,165.0,102.0,16.0,7.0,26.0,8.0,8.0,20.0,0.0,0.0,50.0,299.0
400021451,289273,Group stage,True,Group B,2026-06-24T19:00:00Z,Ramon ABATTI,52497,home,Switzerland,Canada,2,1,48.0,19.0,1.0,0.0,6.0,4.0,471.0,389.0,2.0,1.0,12.0,2.0,1.0,2.0,0.0,2.0,1.0,5.0,1.0,12.0,3.0,4.0,6.0,9.0,274.0,72.0,117.0,85.0,65.0,8.0,197.0,115.0,19.0,6.0,8.0,1.0,8.0,15.0,0.0,0.0,49.0,216.0
400021452,289273,Group stage,True,Group C,2026-06-24T22:00:00Z,Danny MAKKELIE,68239,away,Haiti,Morocco,2,4,31.0,18.0,2.0,0.0,9.0,2.0,265.0,212.0,1.0,0.0,9.0,2.0,4.0,0.0,1.0,1.0,3.0,4.0,5.0,9.0,5.0,6.0,3.0,3.0,165.0,37.0,85.0,43.0,54.0,1.0,117.0,65.0,10.0,3.0,3.0,2.0,1.0,15.0,0.0,0.0,50.0,331.0
400021452,289273,Group stage,True,Group C,2026-06-24T22:00:00Z,Danny MAKKELIE,68239,home,Morocco,Haiti,4,2,60.0,10.0,1.0,0.0,22.0,11.0,557.0,495.0,9.0,5.0,9.0,4.0,2.0,4.0,0.0,3.0,5.0,15.0,7.0,15.0,5.0,10.0,2.0,22.0,516.0,153.0,200.0,163.0,114.0,22.0,192.0,157.0,26.0,19.0,31.0,12.0,8.0,18.0,0.0,1.0,38.0,172.0
400021453,289273,Group stage,True,Group C,2026-06-14T01:00:00Z,Mustapha GHORBAL,64146,away,Scotland,Haiti,1,0,40.0,21.0,3.0,0.0,9.0,2.0,397.0,324.0,3.0,1.0,9.0,1.0,0.0,1.0,0.0,0.0,6.0,8.0,1.0,14.0,6.0,4.0,1.0,20.0,329.0,94.0,136.0,99.0,78.0,7.0,167.0,104.0,18.0,6.0,16.0,6.0,4.0,26.0,0.0,0.0,35.0,230.0
400021453,289273,Group stage,True,Group C,2026-06-14T01:00:00Z,Mustapha GHORBAL,64146,home,Haiti,Scotland,0,1,51.0,23.0,1.0,0.0,15.0,2.0,431.0,378.0,4.0,3.0,9.0,0.0,1.0,0.0,0.0,0.0,9.0,8.0,7.0,37.0,6.0,8.0,8.0,11.0,267.0,105.0,94.0,68.0,83.0,3.0,142.0,96.0,12.0,4.0,26.0,5.0,4.0,22.0,0.0,0.0,29.0,185.0
400021454,289273,Group stage,True,Group C,2026-06-19T22:00:00Z,Ilgiz TANTASHEV,64146,away,Morocco,Scotland,1,0,54.0,8.0,1.0,0.0,12.0,2.0,676.0,612.0,5.0,0.0,7.0,1.0,0.0,1.0,0.0,1.0,6.0,9.0,3.0,16.0,4.0,4.0,7.0,14.0,460.0,104.0,129.0,227.0,87.0,10.0,164.0,95.0,18.0,8.0,13.0,3.0,3.0,11.0,0.0,0.0,40.0,260.0
400021454,289273,Group stage,True,Group C,2026-06-19T22:00:00Z,Ilgiz TANTASHEV,64146,home,Scotland,Morocco,0,1,39.0,11.0,1.0,0.0,6.0,0.0,460.0,403.0,2.0,1.0,7.0,0.0,1.0,0.0,0.0,0.0,4.0,5.0,1.0,11.0,4.0,7.0,7.0,14.0,354.0,67.0,118.0,169.0,72.0,2.0,154.0,102.0,15.0,5.0,13.0,2.0,5.0,8.0,0.0,0.0,39.0,304.0
400021455,289273,Group stage,True,Group C,2026-06-24T22:00:00Z,Cesar RAMOS,64478,away,Brazil,Scotland,3,0,51.0,11.0,2.0,0.0,21.0,9.0,615.0,571.0,6.0,1.0,7.0,3.0,0.0,3.0,0.0,3.0,7.0,14.0,7.0,25.0,10.0,11.0,10.0,18.0,383.0,88.0,146.0,149.0,98.0,12.0,165.0,122.0,18.0,9.0,13.0,4.0,0.0,10.0,0.0,0.0,28.0,227.0
400021455,289273,Group stage,True,Group C,2026-06-24T22:00:00Z,Cesar RAMOS,64478,home,Scotland,Brazil,0,3,42.0,10.0,1.0,0.0,14.0,5.0,520.0,466.0,7.0,0.0,7.0,0.0,3.0,0.0,0.0,0.0,2.0,10.0,4.0,16.0,7.0,6.0,12.0,16.0,357.0,70.0,146.0,141.0,80.0,6.0,168.0,113.0,12.0,7.0,24.0,10.0,3.0,11.0,0.0,0.0,33.0,241.0
400021456,289273,Group stage,True,Group C,2026-06-13T22:00:00Z,Slavko VINCIC,80663,away,Morocco,Brazil,1,1,45.0,14.0,0.0,0.0,14.0,3.0,503.0,431.0,2.0,1.0,9.0,1.0,1.0,0.0,1.0,1.0,4.0,6.0,8.0,10.0,7.0,10.0,6.0,20.0,400.0,115.0,169.0,116.0,128.0,5.0,179.0,96.0,15.0,5.0,14.0,2.0,3.0,16.0,0.0,0.0,50.0,285.0
400021456,289273,Group stage,True,Group C,2026-06-13T22:00:00Z,Slavko VINCIC,80663,home,Brazil,Morocco,1,1,46.0,16.0,2.0,0.0,12.0,5.0,514.0,457.0,6.0,0.0,9.0,1.0,1.0,1.0,0.0,1.0,2.0,9.0,3.0,22.0,5.0,7.0,4.0,14.0,348.0,79.0,147.0,122.0,61.0,10.0,154.0,107.0,18.0,11.0,19.0,7.0,5.0,15.0,0.0,0.0,41.0,315.0
400021457,289273,Group stage,True,Group C,2026-06-20T00:30:00Z,Alejandro HERNANDEZ,68324,away,Haiti,Brazil,0,3,43.0,14.0,3.0,0.0,7.0,3.0,402.0,338.0,4.0,4.0,8.0,0.0,3.0,0.0,0.0,0.0,3.0,4.0,3.0,20.0,5.0,7.0,4.0,14.0,402.0,110.0,170.0,122.0,75.0,9.0,164.0,104.0,20.0,10.0,13.0,3.0,8.0,21.0,0.0,0.0,34.0,294.0
400021457,289273,Group stage,True,Group C,2026-06-20T00:30:00Z,Alejandro HERNANDEZ,68324,home,Brazil,Haiti,3,0,49.0,13.0,1.0,0.0,7.0,4.0,551.0,484.0,4.0,8.0,8.0,3.0,0.0,3.0,0.0,2.0,2.0,6.0,1.0,10.0,9.0,8.0,7.0,10.0,437.0,123.0,193.0,121.0,97.0,14.0,180.0,131.0,23.0,13.0,11.0,3.0,5.0,18.0,0.0,0.0,39.0,195.0
400021458,289273,Group stage,True,Group D,2026-06-13T01:00:00Z,Danny MAKKELIE,70492,away,Paraguay,USA,1,4,28.0,17.0,5.0,0.0,9.0,1.0,316.0,234.0,1.0,1.0,13.0,1.0,4.0,1.0,0.0,1.0,4.0,4.0,5.0,7.0,2.0,4.0,4.0,5.0,204.0,38.0,89.0,77.0,44.0,4.0,130.0,60.0,7.0,3.0,5.0,0.0,5.0,15.0,0.0,1.0,49.0,360.0
400021458,289273,Group stage,True,Group D,2026-06-13T01:00:00Z,Danny MAKKELIE,70492,home,USA,Paraguay,4,1,59.0,13.0,1.0,0.0,16.0,6.0,602.0,520.0,3.0,2.0,13.0,4.0,1.0,3.0,0.0,3.0,6.0,13.0,3.0,30.0,9.0,12.0,6.0,27.0,471.0,127.0,203.0,141.0,159.0,21.0,223.0,163.0,38.0,25.0,23.0,5.0,4.0,18.0,0.0,0.0,50.0,204.0
400021459,289273,Group stage,True,Group D,2026-06-26T02:00:00Z,Mustapha GHORBAL,70492,away,USA,Türkiye,2,3,48.0,13.0,1.0,0.0,18.0,7.0,495.0,424.0,9.0,5.0,10.0,2.0,3.0,1.0,1.0,1.0,6.0,15.0,3.0,22.0,7.0,8.0,9.0,14.0,389.0,117.0,149.0,123.0,116.0,15.0,177.0,110.0,24.0,14.0,20.0,7.0,4.0,15.0,0.0,0.0,47.0,267.0
400021459,289273,Group stage,True,Group D,2026-06-26T02:00:00Z,Mustapha GHORBAL,70492,home,Türkiye,USA,3,2,42.0,13.0,0.0,0.0,8.0,2.0,456.0,353.0,2.0,2.0,10.0,3.0,2.0,3.0,0.0,2.0,4.0,7.0,1.0,10.0,7.0,1.0,5.0,25.0,275.0,85.0,109.0,81.0,94.0,11.0,193.0,100.0,23.0,13.0,11.0,1.0,9.0,18.0,0.0,0.0,50.0,219.0
400021460,289273,Group stage,True,Group D,2026-06-20T03:00:00Z,Ivan BARTON,68827,away,Paraguay,Türkiye,1,0,19.0,15.0,1.0,1.0,7.0,2.0,171.0,92.0,0.0,3.0,14.0,1.0,0.0,0.0,1.0,1.0,2.0,3.0,4.0,7.0,5.0,5.0,2.0,8.0,97.0,32.0,51.0,14.0,66.0,4.0,119.0,57.0,12.0,3.0,9.0,2.0,1.0,16.0,0.0,0.0,50.0,367.0
400021460,289273,Group stage,True,Group D,2026-06-20T03:00:00Z,Ivan BARTON,68827,home,Türkiye,Paraguay,0,1,67.0,14.0,1.0,0.0,32.0,5.0,666.0,594.0,12.0,2.0,14.0,0.0,1.0,0.0,0.0,0.0,17.0,17.0,15.0,45.0,13.0,12.0,17.0,32.0,467.0,163.0,156.0,148.0,154.0,17.0,239.0,179.0,27.0,17.0,45.0,9.0,9.0,18.0,0.0,0.0,41.0,101.0
400021461,289273,Group stage,True,Group D,2026-06-26T02:00:00Z,Clement TURPIN,68827,away,Australia,Paraguay,0,0,46.0,6.0,1.0,0.0,12.0,5.0,526.0,446.0,3.0,0.0,12.0,0.0,0.0,0.0,0.0,0.0,5.0,7.0,5.0,12.0,2.0,6.0,7.0,33.0,307.0,60.0,141.0,106.0,106.0,4.0,167.0,100.0,11.0,4.0,13.0,3.0,4.0,9.0,0.0,0.0,43.0,210.0
400021461,289273,Group stage,True,Group D,2026-06-26T02:00:00Z,Clement TURPIN,68827,home,Paraguay,Australia,0,0,42.0,9.0,1.0,0.0,7.0,2.0,418.0,345.0,1.0,0.0,12.0,0.0,0.0,0.0,0.0,0.0,4.0,3.0,4.0,18.0,6.0,3.0,4.0,10.0,233.0,58.0,67.0,108.0,29.0,3.0,142.0,60.0,10.0,3.0,7.0,0.0,4.0,6.0,0.0,0.0,51.0,284.0
400021462,289273,Group stage,True,Group D,2026-06-19T19:00:00Z,Felix ZWAYER,66925,away,Australia,USA,0,2,30.0,16.0,4.0,0.0,5.0,2.0,308.0,238.0,4.0,0.0,15.0,0.0,2.0,0.0,0.0,0.0,3.0,3.0,2.0,8.0,3.0,4.0,2.0,22.0,158.0,53.0,67.0,38.0,75.0,10.0,135.0,74.0,18.0,11.0,20.0,4.0,4.0,13.0,0.0,1.0,40.0,262.0
400021462,289273,Group stage,True,Group D,2026-06-19T19:00:00Z,Felix ZWAYER,66925,home,USA,Australia,2,0,55.0,12.0,3.0,0.0,10.0,2.0,531.0,465.0,7.0,1.0,15.0,2.0,0.0,1.0,0.0,0.0,3.0,8.0,2.0,25.0,3.0,7.0,6.0,17.0,347.0,93.0,122.0,132.0,85.0,16.0,186.0,121.0,27.0,17.0,15.0,4.0,5.0,16.0,0.0,0.0,39.0,167.0
400021463,289273,Group stage,True,Group D,2026-06-14T04:00:00Z,Jesus VALENZUELA,52497,away,Türkiye,Australia,0,2,62.0,4.0,1.0,0.0,30.0,7.0,722.0,663.0,8.0,3.0,11.0,0.0,2.0,0.0,0.0,0.0,14.0,13.0,17.0,39.0,9.0,2.0,12.0,29.0,533.0,161.0,163.0,209.0,130.0,13.0,194.0,146.0,25.0,15.0,28.0,2.0,4.0,13.0,0.0,0.0,30.0,170.0
400021463,289273,Group stage,True,Group D,2026-06-14T04:00:00Z,Jesus VALENZUELA,52497,home,Australia,Türkiye,2,0,27.0,12.0,0.0,0.0,9.0,4.0,293.0,224.0,5.0,1.0,11.0,2.0,0.0,1.0,1.0,1.0,4.0,6.0,3.0,4.0,3.0,7.0,8.0,15.0,193.0,42.0,90.0,61.0,60.0,10.0,130.0,71.0,21.0,10.0,14.0,6.0,1.0,7.0,0.0,0.0,35.0,384.0
400021464,289273,Group stage,True,Group E,2026-06-14T17:00:00Z,Jalal JAYED,68021,away,Curaçao,Germany,1,7,35.0,11.0,0.0,0.0,8.0,2.0,362.0,291.0,1.0,1.0,9.0,1.0,7.0,1.0,0.0,0.0,5.0,4.0,4.0,16.0,1.0,4.0,6.0,13.0,241.0,83.0,103.0,55.0,77.0,6.0,147.0,84.0,15.0,6.0,5.0,2.0,4.0,18.0,0.0,0.0,43.0,339.0
400021464,289273,Group stage,True,Group E,2026-06-14T17:00:00Z,Jalal JAYED,68021,home,Germany,Curaçao,7,1,57.0,18.0,0.0,0.0,26.0,12.0,641.0,569.0,8.0,0.0,9.0,7.0,1.0,7.0,0.0,6.0,7.0,22.0,4.0,20.0,9.0,23.0,3.0,26.0,445.0,124.0,181.0,140.0,152.0,17.0,190.0,144.0,28.0,18.0,20.0,7.0,3.0,11.0,1.0,0.0,46.0,227.0
400021465,289273,Group stage,True,Group E,2026-06-21T00:00:00Z,MA Ning,68598,away,Curaçao,Ecuador,0,0,23.0,10.0,5.0,0.0,10.0,3.0,237.0,167.0,0.0,2.0,12.0,0.0,0.0,0.0,0.0,0.0,5.0,4.0,6.0,7.0,5.0,4.0,5.0,6.0,153.0,48.0,70.0,35.0,72.0,2.0,140.0,63.0,9.0,1.0,1.0,0.0,1.0,8.0,0.0,0.0,35.0,345.0
400021465,289273,Group stage,True,Group E,2026-06-21T00:00:00Z,MA Ning,68598,home,Ecuador,Curaçao,0,0,65.0,7.0,1.0,0.0,27.0,15.0,663.0,601.0,9.0,1.0,12.0,0.0,0.0,0.0,0.0,0.0,9.0,20.0,7.0,36.0,9.0,12.0,8.0,23.0,474.0,113.0,201.0,160.0,149.0,19.0,208.0,152.0,31.0,19.0,33.0,12.0,1.0,12.0,0.0,0.0,43.0,155.0
400021466,289273,Group stage,True,Group E,2026-06-25T20:00:00Z,Tori PENSO,80663,away,Germany,Ecuador,1,2,51.0,10.0,1.0,0.0,11.0,3.0,612.0,537.0,2.0,0.0,10.0,1.0,2.0,1.0,0.0,1.0,5.0,6.0,5.0,16.0,9.0,11.0,5.0,20.0,340.0,73.0,165.0,102.0,105.0,5.0,188.0,129.0,13.0,4.0,16.0,4.0,1.0,15.0,0.0,0.0,51.0,231.0
400021466,289273,Group stage,True,Group E,2026-06-25T20:00:00Z,Tori PENSO,80663,home,Ecuador,Germany,2,1,39.0,15.0,3.0,0.0,7.0,3.0,389.0,325.0,3.0,0.0,10.0,2.0,1.0,1.0,1.0,2.0,3.0,5.0,2.0,19.0,8.0,6.0,3.0,17.0,252.0,56.0,85.0,111.0,85.0,8.0,147.0,78.0,23.0,7.0,14.0,4.0,2.0,10.0,0.0,0.0,49.0,299.0
400021467,289273,Group stage,True,Group E,2026-06-14T23:00:00Z,Francois LETEXIER,68274,away,Ecuador,Côte d'Ivoire,0,1,49.0,13.0,1.0,0.0,12.0,1.0,513.0,438.0,5.0,0.0,10.0,0.0,1.0,0.0,0.0,0.0,10.0,5.0,7.0,16.0,4.0,8.0,4.0,17.0,339.0,77.0,149.0,113.0,113.0,7.0,191.0,124.0,20.0,8.0,14.0,3.0,2.0,10.0,0.0,0.0,49.0,280.0
400021467,289273,Group stage,True,Group E,2026-06-14T23:00:00Z,Francois LETEXIER,68274,home,Côte d'Ivoire,Ecuador,1,0,41.0,10.0,3.0,0.0,15.0,4.0,471.0,413.0,3.0,0.0,10.0,1.0,0.0,1.0,0.0,1.0,8.0,8.0,7.0,11.0,7.0,6.0,2.0,25.0,333.0,87.0,174.0,72.0,102.0,8.0,177.0,132.0,18.0,11.0,15.0,3.0,1.0,13.0,0.0,0.0,44.0,288.0
400021468,289273,Group stage,True,Group E,2026-06-25T20:00:00Z,Glenn NYBERG,68324,away,Côte d'Ivoire,Curaçao,2,0,55.0,6.0,1.0,0.0,7.0,3.0,644.0,574.0,6.0,1.0,8.0,2.0,0.0,2.0,0.0,2.0,3.0,7.0,0.0,13.0,6.0,1.0,10.0,18.0,250.0,81.0,97.0,72.0,129.0,12.0,200.0,135.0,27.0,9.0,18.0,4.0,3.0,13.0,0.0,0.0,44.0,201.0
400021468,289273,Group stage,True,Group E,2026-06-25T20:00:00Z,Glenn NYBERG,68324,home,Curaçao,Côte d'Ivoire,0,2,37.0,11.0,2.0,0.0,11.0,2.0,369.0,312.0,4.0,2.0,8.0,0.0,2.0,0.0,0.0,0.0,8.0,6.0,5.0,13.0,7.0,6.0,5.0,7.0,227.0,58.0,116.0,53.0,79.0,9.0,136.0,93.0,16.0,9.0,15.0,4.0,2.0,7.0,0.0,0.0,43.0,299.0
400021469,289273,Group stage,True,Group E,2026-06-20T20:00:00Z,Juan Gabriel BENITEZ,43036,away,Côte d'Ivoire,Germany,1,2,41.0,7.0,0.0,0.0,9.0,2.0,449.0,387.0,3.0,1.0,10.0,1.0,2.0,1.0,0.0,0.0,2.0,5.0,4.0,20.0,2.0,3.0,9.0,11.0,263.0,69.0,121.0,73.0,91.0,9.0,157.0,111.0,12.0,9.0,12.0,4.0,2.0,5.0,0.0,0.0,43.0,316.0
400021469,289273,Group stage,True,Group E,2026-06-20T20:00:00Z,Juan Gabriel BENITEZ,43036,home,Germany,Côte d'Ivoire,2,1,49.0,5.0,0.0,0.0,16.0,7.0,634.0,578.0,8.0,0.0,10.0,2.0,1.0,2.0,0.0,2.0,7.0,9.0,7.0,28.0,10.0,6.0,4.0,28.0,328.0,102.0,108.0,118.0,136.0,12.0,190.0,151.0,22.0,13.0,20.0,4.0,4.0,8.0,0.0,0.0,47.0,293.0
400021470,289273,Group stage,True,Group F,2026-06-14T20:00:00Z,Ismail ELFATH,69285,away,Japan,Netherlands,2,2,37.0,7.0,0.0,0.0,9.0,2.0,356.0,302.0,4.0,0.0,9.0,2.0,2.0,1.0,1.0,2.0,5.0,5.0,4.0,16.0,6.0,4.0,7.0,16.0,342.0,101.0,121.0,120.0,79.0,11.0,138.0,88.0,20.0,13.0,24.0,7.0,2.0,8.0,0.0,0.0,28.0,316.0
400021470,289273,Group stage,True,Group F,2026-06-14T20:00:00Z,Ismail ELFATH,69285,home,Netherlands,Japan,2,2,54.0,7.0,3.0,0.0,10.0,6.0,529.0,473.0,5.0,1.0,9.0,2.0,2.0,2.0,0.0,2.0,4.0,10.0,0.0,18.0,8.0,10.0,9.0,18.0,298.0,85.0,91.0,122.0,95.0,11.0,153.0,109.0,20.0,13.0,23.0,8.0,0.0,7.0,0.0,0.0,33.0,194.0
400021471,289273,Group stage,True,Group F,2026-06-25T23:00:00Z,Ivan BARTON,70137,away,Sweden,Japan,1,1,44.0,11.0,2.0,0.0,11.0,5.0,410.0,330.0,8.0,2.0,12.0,1.0,1.0,0.0,1.0,1.0,5.0,6.0,5.0,10.0,6.0,12.0,8.0,16.0,232.0,73.0,86.0,73.0,75.0,3.0,159.0,86.0,10.0,3.0,16.0,4.0,3.0,23.0,0.0,0.0,37.0,201.0
400021471,289273,Group stage,True,Group F,2026-06-25T23:00:00Z,Ivan BARTON,70137,home,Japan,Sweden,1,1,44.0,20.0,1.0,0.0,8.0,3.0,454.0,381.0,2.0,3.0,12.0,1.0,1.0,1.0,0.0,1.0,4.0,4.0,4.0,16.0,5.0,2.0,7.0,13.0,320.0,104.0,135.0,81.0,90.0,6.0,163.0,91.0,22.0,7.0,14.0,4.0,2.0,13.0,0.0,0.0,42.0,221.0
400021472,289273,Group stage,True,Group F,2026-06-20T17:00:00Z,Michael OLIVER,68777,away,Sweden,Netherlands,1,5,43.0,12.0,3.0,0.0,16.0,8.0,438.0,377.0,5.0,3.0,9.0,1.0,5.0,1.0,0.0,1.0,5.0,8.0,8.0,8.0,5.0,13.0,8.0,15.0,333.0,92.0,149.0,92.0,108.0,12.0,168.0,110.0,17.0,12.0,23.0,3.0,2.0,12.0,0.0,0.0,37.0,228.0
400021472,289273,Group stage,True,Group F,2026-06-20T17:00:00Z,Michael OLIVER,68777,home,Netherlands,Sweden,5,1,48.0,9.0,0.0,0.0,10.0,7.0,447.0,398.0,2.0,3.0,9.0,5.0,1.0,4.0,1.0,5.0,2.0,6.0,4.0,19.0,5.0,8.0,12.0,12.0,314.0,133.0,102.0,79.0,79.0,15.0,163.0,120.0,20.0,14.0,19.0,4.0,3.0,15.0,0.0,0.0,47.0,232.0
400021473,289273,Group stage,True,Group F,2026-06-25T23:00:00Z,Katia GARCIA,68391,away,Netherlands,Tunisia,3,1,64.0,10.0,0.0,0.0,20.0,7.0,668.0,619.0,6.0,1.0,9.0,3.0,1.0,2.0,0.0,2.0,7.0,15.0,5.0,20.0,8.0,19.0,17.0,42.0,391.0,117.0,123.0,151.0,138.0,16.0,173.0,130.0,27.0,16.0,27.0,7.0,3.0,13.0,0.0,0.0,34.0,173.0
400021473,289273,Group stage,True,Group F,2026-06-25T23:00:00Z,Katia GARCIA,68391,home,Tunisia,Netherlands,1,3,27.0,11.0,0.0,0.0,10.0,4.0,265.0,208.0,4.0,2.0,9.0,1.0,3.0,1.0,0.0,1.0,5.0,3.0,7.0,4.0,3.0,6.0,3.0,12.0,318.0,116.0,124.0,78.0,69.0,5.0,110.0,65.0,11.0,4.0,13.0,4.0,4.0,11.0,0.0,1.0,34.0,346.0
400021474,289273,Group stage,True,Group F,2026-06-15T02:00:00Z,Yael FALCON PEREZ,50987,away,Tunisia,Sweden,1,5,42.0,8.0,1.0,0.0,6.0,2.0,370.0,299.0,2.0,6.0,11.0,1.0,5.0,1.0,0.0,1.0,2.0,2.0,4.0,10.0,3.0,9.0,9.0,11.0,362.0,97.0,192.0,73.0,81.0,5.0,153.0,89.0,16.0,5.0,13.0,3.0,8.0,13.0,0.0,0.0,41.0,223.0
400021474,289273,Group stage,True,Group F,2026-06-15T02:00:00Z,Yael FALCON PEREZ,50987,home,Sweden,Tunisia,5,1,47.0,10.0,0.0,0.0,13.0,7.0,356.0,290.0,4.0,3.0,11.0,5.0,1.0,3.0,2.0,4.0,4.0,10.0,3.0,19.0,3.0,8.0,3.0,23.0,250.0,62.0,85.0,103.0,77.0,14.0,161.0,92.0,24.0,13.0,12.0,3.0,5.0,14.0,0.0,0.0,42.0,172.0
400021475,289273,Group stage,True,Group F,2026-06-21T04:00:00Z,Istvan KOVACS,51243,away,Japan,Tunisia,4,0,55.0,15.0,0.0,0.0,10.0,4.0,593.0,535.0,5.0,1.0,9.0,4.0,0.0,3.0,1.0,4.0,4.0,5.0,5.0,17.0,2.0,10.0,6.0,35.0,510.0,123.0,168.0,219.0,84.0,10.0,145.0,103.0,16.0,10.0,12.0,3.0,0.0,9.0,0.0,0.0,35.0,219.0
400021475,289273,Group stage,True,Group F,2026-06-21T04:00:00Z,Istvan KOVACS,51243,home,Tunisia,Japan,0,4,36.0,8.0,0.0,0.0,2.0,0.0,376.0,305.0,3.0,1.0,9.0,0.0,4.0,0.0,0.0,0.0,1.0,1.0,1.0,14.0,1.0,7.0,4.0,8.0,320.0,74.0,132.0,114.0,46.0,8.0,142.0,73.0,13.0,6.0,9.0,1.0,3.0,16.0,0.0,0.0,34.0,233.0
400021476,289273,Group stage,True,Group G,2026-06-16T01:00:00Z,Cesar RAMOS,70108,away,New Zealand,IR Iran,2,2,45.0,8.0,0.0,0.0,14.0,8.0,448.0,378.0,1.0,0.0,12.0,2.0,2.0,2.0,0.0,2.0,3.0,10.0,4.0,15.0,7.0,9.0,1.0,11.0,396.0,88.0,180.0,128.0,118.0,3.0,144.0,108.0,8.0,3.0,11.0,2.0,1.0,11.0,0.0,0.0,47.0,234.0
400021476,289273,Group stage,True,Group G,2026-06-16T01:00:00Z,Cesar RAMOS,70108,home,IR Iran,New Zealand,2,2,43.0,10.0,1.0,0.0,17.0,4.0,417.0,333.0,4.0,2.0,12.0,2.0,2.0,2.0,0.0,1.0,7.0,10.0,7.0,18.0,7.0,7.0,7.0,10.0,355.0,90.0,126.0,139.0,79.0,17.0,166.0,94.0,24.0,15.0,18.0,4.0,4.0,8.0,0.0,0.0,46.0,253.0
400021477,289273,Group stage,True,Group G,2026-06-21T19:00:00Z,Dario HERRERA,70317,away,IR Iran,Belgium,0,0,30.0,9.0,1.0,0.0,7.0,3.0,275.0,201.0,2.0,4.0,11.0,0.0,0.0,0.0,0.0,0.0,3.0,6.0,1.0,9.0,4.0,4.0,3.0,4.0,170.0,64.0,46.0,60.0,62.0,4.0,126.0,42.0,13.0,3.0,11.0,2.0,2.0,10.0,0.0,0.0,43.0,343.0
400021477,289273,Group stage,True,Group G,2026-06-21T19:00:00Z,Dario HERRERA,70317,home,Belgium,IR Iran,0,0,59.0,7.0,1.0,1.0,23.0,7.0,637.0,562.0,4.0,3.0,11.0,0.0,0.0,0.0,0.0,0.0,9.0,18.0,5.0,30.0,15.0,10.0,9.0,24.0,512.0,178.0,154.0,180.0,136.0,11.0,207.0,139.0,23.0,11.0,35.0,8.0,4.0,13.0,0.0,0.0,45.0,121.0
400021478,289273,Group stage,True,Group G,2026-06-15T19:00:00Z,Ramon ABATTI,66775,away,Egypt,Belgium,1,1,38.0,15.0,2.0,0.0,14.0,3.0,413.0,330.0,7.0,1.0,10.0,1.0,1.0,0.0,1.0,1.0,6.0,7.0,7.0,,,,,,,,,,,,,,,,13.0,2.0,,15.0,0.0,1.0,28.0,
400021478,289273,Group stage,True,Group G,2026-06-15T19:00:00Z,Ramon ABATTI,66775,home,Belgium,Egypt,1,1,52.0,15.0,2.0,0.0,15.0,3.0,476.0,404.0,2.0,0.0,10.0,1.0,1.0,0.0,0.0,0.0,8.0,9.0,6.0,,,,,,,,,,,,,,,,14.0,5.0,,16.0,0.0,0.0,27.0,
400021479,289273,Group stage,True,Group G,2026-06-27T03:00:00Z,Szymon MARCINIAK,66925,away,IR Iran,Egypt,1,1,36.0,16.0,4.0,0.0,13.0,3.0,359.0,280.0,2.0,3.0,11.0,1.0,1.0,1.0,0.0,0.0,5.0,10.0,3.0,10.0,8.0,8.0,2.0,9.0,236.0,73.0,92.0,71.0,88.0,7.0,159.0,87.0,13.0,5.0,11.0,3.0,5.0,10.0,0.0,0.0,43.0,278.0
400021479,289273,Group stage,True,Group G,2026-06-27T03:00:00Z,Szymon MARCINIAK,66925,home,Egypt,IR Iran,1,1,53.0,11.0,3.0,0.0,15.0,3.0,588.0,525.0,8.0,0.0,11.0,1.0,1.0,1.0,0.0,1.0,10.0,8.0,7.0,21.0,10.0,6.0,6.0,18.0,387.0,85.0,110.0,192.0,79.0,13.0,175.0,122.0,26.0,15.0,16.0,3.0,4.0,19.0,0.0,0.0,52.0,169.0
400021480,289273,Group stage,True,Group G,2026-06-22T01:00:00Z,Omar ALALI,52497,away,Egypt,New Zealand,3,1,50.0,8.0,1.0,0.0,19.0,7.0,544.0,486.0,3.0,0.0,11.0,3.0,1.0,3.0,0.0,3.0,8.0,12.0,7.0,22.0,11.0,7.0,8.0,25.0,423.0,97.0,150.0,176.0,125.0,10.0,195.0,126.0,23.0,9.0,20.0,6.0,15.0,17.0,0.0,0.0,51.0,249.0
400021480,289273,Group stage,True,Group G,2026-06-22T01:00:00Z,Omar ALALI,52497,home,New Zealand,Egypt,1,3,39.0,14.0,2.0,0.0,11.0,5.0,437.0,355.0,4.0,3.0,11.0,1.0,3.0,1.0,0.0,1.0,2.0,6.0,5.0,18.0,6.0,7.0,2.0,15.0,353.0,92.0,167.0,94.0,92.0,6.0,183.0,104.0,22.0,4.0,13.0,4.0,2.0,8.0,0.0,0.0,39.0,289.0
400021481,289273,Group stage,True,Group G,2026-06-27T03:00:00Z,Adham MAKHADMEH,52497,away,Belgium,New Zealand,5,1,50.0,7.0,0.0,0.0,35.0,10.0,530.0,475.0,8.0,1.0,10.0,5.0,1.0,4.0,1.0,3.0,14.0,23.0,12.0,18.0,12.0,10.0,3.0,24.0,445.0,149.0,164.0,132.0,148.0,18.0,208.0,147.0,29.0,18.0,25.0,7.0,6.0,11.0,0.0,0.0,44.0,249.0
400021481,289273,Group stage,True,Group G,2026-06-27T03:00:00Z,Adham MAKHADMEH,52497,home,New Zealand,Belgium,1,5,40.0,10.0,2.0,0.0,6.0,2.0,450.0,379.0,5.0,1.0,10.0,1.0,5.0,1.0,0.0,0.0,3.0,3.0,3.0,13.0,4.0,8.0,2.0,8.0,313.0,83.0,124.0,106.0,57.0,5.0,164.0,91.0,24.0,5.0,13.0,1.0,3.0,7.0,0.0,0.0,32.0,321.0
400021482,289273,Group stage,True,Group H,2026-06-15T16:00:00Z,Adham MAKHADMEH,67640,away,Cabo Verde,Spain,0,0,25.0,1.0,1.0,0.0,6.0,1.0,306.0,227.0,1.0,3.0,10.0,0.0,0.0,0.0,0.0,0.0,4.0,2.0,4.0,6.0,0.0,3.0,0.0,3.0,238.0,54.0,115.0,69.0,45.0,1.0,132.0,64.0,12.0,1.0,3.0,2.0,2.0,12.0,0.0,0.0,47.0,398.0
400021482,289273,Group stage,True,Group H,2026-06-15T16:00:00Z,Adham MAKHADMEH,67640,home,Spain,Cabo Verde,0,0,65.0,10.0,1.0,0.0,27.0,7.0,811.0,755.0,11.0,2.0,10.0,0.0,0.0,0.0,0.0,0.0,11.0,16.0,11.0,36.0,13.0,18.0,14.0,38.0,634.0,194.0,172.0,268.0,181.0,29.0,210.0,176.0,34.0,28.0,39.0,8.0,8.0,4.0,0.0,0.0,53.0,200.0
400021483,289273,Group stage,True,Group H,2026-06-21T16:00:00Z,Raphael CLAUS,68239,away,Saudi Arabia,Spain,0,4,29.0,2.0,2.0,0.0,3.0,2.0,389.0,309.0,1.0,3.0,9.0,0.0,4.0,0.0,0.0,0.0,1.0,0.0,3.0,9.0,3.0,1.0,2.0,14.0,243.0,64.0,108.0,71.0,80.0,6.0,152.0,90.0,18.0,7.0,4.0,0.0,3.0,12.0,0.0,1.0,42.0,413.0
400021483,289273,Group stage,True,Group H,2026-06-21T16:00:00Z,Raphael CLAUS,68239,home,Spain,Saudi Arabia,4,0,63.0,10.0,0.0,0.0,22.0,8.0,743.0,688.0,6.0,2.0,9.0,4.0,0.0,3.0,0.0,3.0,12.0,13.0,9.0,31.0,14.0,7.0,10.0,19.0,545.0,190.0,167.0,188.0,174.0,20.0,234.0,188.0,27.0,18.0,28.0,7.0,9.0,5.0,0.0,0.0,44.0,214.0
400021484,289273,Group stage,True,Group H,2026-06-27T00:00:00Z,Ismail ELFATH,45065,away,Spain,Uruguay,1,0,57.0,14.0,1.0,0.0,6.0,1.0,637.0,570.0,6.0,2.0,11.0,1.0,0.0,1.0,0.0,1.0,3.0,5.0,1.0,9.0,13.0,12.0,6.0,13.0,408.0,85.0,159.0,164.0,105.0,6.0,186.0,145.0,17.0,10.0,15.0,3.0,3.0,19.0,0.0,0.0,49.0,215.0
400021484,289273,Group stage,True,Group H,2026-06-27T00:00:00Z,Ismail ELFATH,45065,home,Uruguay,Spain,0,1,33.0,14.0,3.0,1.0,5.0,1.0,305.0,241.0,1.0,5.0,11.0,0.0,1.0,0.0,0.0,0.0,3.0,2.0,3.0,18.0,7.0,2.0,6.0,10.0,263.0,100.0,115.0,48.0,91.0,14.0,164.0,94.0,25.0,15.0,18.0,1.0,6.0,16.0,0.0,0.0,53.0,390.0
400021485,289273,Group stage,True,Group H,2026-06-27T00:00:00Z,Francois LETEXIER,68278,away,Saudi Arabia,Cabo Verde,0,0,41.0,16.0,3.0,0.0,7.0,3.0,455.0,370.0,2.0,0.0,12.0,0.0,0.0,0.0,0.0,0.0,1.0,5.0,2.0,13.0,6.0,9.0,2.0,16.0,263.0,92.0,69.0,102.0,85.0,13.0,165.0,95.0,22.0,11.0,12.0,3.0,3.0,11.0,0.0,0.0,42.0,304.0
400021485,289273,Group stage,True,Group H,2026-06-27T00:00:00Z,Francois LETEXIER,68278,home,Cabo Verde,Saudi Arabia,0,0,47.0,10.0,1.0,0.0,15.0,2.0,465.0,402.0,4.0,2.0,12.0,0.0,0.0,0.0,0.0,0.0,7.0,10.0,5.0,25.0,5.0,16.0,3.0,16.0,373.0,113.0,156.0,104.0,104.0,12.0,185.0,133.0,22.0,12.0,21.0,5.0,7.0,16.0,0.0,0.0,53.0,206.0
400021486,289273,Group stage,True,Group H,2026-06-15T22:00:00Z,Maurizio MARIANI,62764,away,Uruguay,Saudi Arabia,1,1,63.0,6.0,0.0,0.0,27.0,10.0,623.0,566.0,14.0,6.0,10.0,1.0,1.0,1.0,0.0,0.0,9.0,16.0,11.0,22.0,12.0,14.0,3.0,25.0,538.0,186.0,174.0,178.0,121.0,15.0,192.0,155.0,21.0,16.0,42.0,12.0,6.0,11.0,0.0,0.0,39.0,157.0
400021486,289273,Group stage,True,Group H,2026-06-15T22:00:00Z,Maurizio MARIANI,62764,home,Saudi Arabia,Uruguay,1,1,27.0,11.0,1.0,0.0,7.0,3.0,331.0,243.0,4.0,0.0,10.0,1.0,1.0,1.0,0.0,0.0,3.0,3.0,4.0,5.0,4.0,5.0,1.0,6.0,201.0,51.0,99.0,51.0,79.0,5.0,134.0,61.0,13.0,3.0,6.0,2.0,2.0,12.0,0.0,0.0,44.0,318.0
400021487,289273,Group stage,True,Group H,2026-06-21T22:00:00Z,Espen ESKAS,64003,away,Cabo Verde,Uruguay,2,2,33.0,4.0,2.0,0.0,12.0,4.0,293.0,218.0,4.0,0.0,13.0,2.0,2.0,0.0,2.0,0.0,3.0,3.0,9.0,13.0,5.0,6.0,2.0,4.0,255.0,56.0,108.0,91.0,55.0,2.0,147.0,71.0,10.0,2.0,8.0,2.0,2.0,13.0,0.0,0.0,46.0,233.0
400021487,289273,Group stage,True,Group H,2026-06-21T22:00:00Z,Espen ESKAS,64003,home,Uruguay,Cabo Verde,2,2,54.0,11.0,2.0,0.0,17.0,2.0,517.0,444.0,11.0,3.0,13.0,2.0,2.0,2.0,0.0,1.0,13.0,9.0,8.0,22.0,15.0,14.0,12.0,21.0,381.0,150.0,110.0,121.0,99.0,16.0,169.0,112.0,28.0,16.0,27.0,5.0,6.0,4.0,0.0,0.0,41.0,198.0
400021488,289273,Group stage,True,Group I,2026-06-16T22:00:00Z,Pierre ATCHO,63106,away,Norway,Iraq,4,1,57.0,13.0,0.0,0.0,11.0,5.0,548.0,493.0,5.0,0.0,10.0,4.0,1.0,3.0,0.0,2.0,5.0,10.0,1.0,17.0,6.0,9.0,7.0,18.0,355.0,73.0,133.0,149.0,90.0,17.0,189.0,136.0,30.0,16.0,17.0,6.0,3.0,13.0,0.0,0.0,31.0,173.0
400021488,289273,Group stage,True,Group I,2026-06-16T22:00:00Z,Pierre ATCHO,63106,home,Iraq,Norway,1,4,34.0,12.0,1.0,0.0,11.0,1.0,347.0,286.0,2.0,1.0,10.0,1.0,4.0,1.0,0.0,1.0,9.0,8.0,3.0,10.0,5.0,6.0,3.0,6.0,310.0,108.0,123.0,79.0,64.0,12.0,146.0,82.0,21.0,11.0,9.0,3.0,4.0,13.0,0.0,1.0,42.0,288.0
400021489,289273,Group stage,True,Group I,2026-06-26T19:00:00Z,Michael OLIVER,64146,away,France,Norway,4,1,51.0,11.0,1.0,0.0,18.0,9.0,549.0,492.0,5.0,2.0,9.0,4.0,1.0,3.0,1.0,4.0,5.0,9.0,9.0,22.0,5.0,10.0,9.0,22.0,307.0,97.0,98.0,112.0,97.0,23.0,160.0,119.0,25.0,21.0,16.0,4.0,11.0,10.0,0.0,0.0,43.0,234.0
400021489,289273,Group stage,True,Group I,2026-06-26T19:00:00Z,Michael OLIVER,64146,home,Norway,France,1,4,40.0,9.0,1.0,0.0,10.0,5.0,448.0,366.0,4.0,1.0,9.0,1.0,4.0,1.0,0.0,1.0,4.0,6.0,4.0,11.0,6.0,9.0,6.0,7.0,366.0,93.0,164.0,109.0,104.0,4.0,136.0,82.0,10.0,4.0,9.0,2.0,5.0,12.0,0.0,0.0,38.0,297.0
400021490,289273,Group stage,True,Group I,2026-06-16T19:00:00Z,Alireza FAGHANI,80545,away,Senegal,France,1,3,44.0,9.0,0.0,0.0,6.0,2.0,521.0,453.0,4.0,3.0,7.0,1.0,3.0,1.0,0.0,1.0,3.0,4.0,2.0,9.0,5.0,4.0,9.0,19.0,350.0,106.0,140.0,104.0,84.0,11.0,194.0,127.0,20.0,11.0,11.0,2.0,8.0,6.0,0.0,0.0,39.0,308.0
400021490,289273,Group stage,True,Group I,2026-06-16T19:00:00Z,Alireza FAGHANI,80545,home,France,Senegal,3,1,49.0,5.0,0.0,0.0,11.0,8.0,584.0,516.0,6.0,1.0,7.0,3.0,1.0,2.0,1.0,2.0,1.0,7.0,4.0,26.0,3.0,9.0,6.0,15.0,373.0,106.0,114.0,153.0,87.0,10.0,202.0,138.0,24.0,11.0,9.0,0.0,4.0,12.0,0.0,0.0,54.0,277.0
400021491,289273,Group stage,True,Group I,2026-06-23T00:00:00Z,Wilton SAMPAIO,80663,away,Senegal,Norway,2,3,51.0,5.0,0.0,0.0,16.0,4.0,504.0,447.0,4.0,4.0,9.0,2.0,3.0,2.0,0.0,2.0,7.0,10.0,6.0,27.0,6.0,9.0,4.0,14.0,352.0,114.0,106.0,132.0,108.0,10.0,162.0,116.0,21.0,12.0,23.0,9.0,11.0,13.0,0.0,0.0,36.0,233.0
400021491,289273,Group stage,True,Group I,2026-06-23T00:00:00Z,Wilton SAMPAIO,80663,home,Norway,Senegal,3,2,40.0,13.0,0.0,0.0,13.0,7.0,361.0,295.0,5.0,0.0,9.0,3.0,2.0,3.0,0.0,2.0,3.0,11.0,2.0,6.0,3.0,7.0,7.0,20.0,306.0,64.0,149.0,93.0,100.0,7.0,134.0,76.0,15.0,5.0,11.0,4.0,0.0,9.0,0.0,0.0,32.0,224.0
400021492,289273,Group stage,True,Group I,2026-06-22T21:00:00Z,Drew FISCHER,68324,away,Iraq,France,0,3,44.0,4.0,1.0,0.0,4.0,0.0,502.0,431.0,2.0,0.0,100.0,0.0,3.0,0.0,0.0,0.0,3.0,3.0,1.0,10.0,4.0,2.0,3.0,8.0,482.0,142.0,200.0,140.0,64.0,6.0,171.0,101.0,14.0,6.0,10.0,4.0,4.0,9.0,0.0,0.0,37.0,304.0
400021492,289273,Group stage,True,Group I,2026-06-22T21:00:00Z,Drew FISCHER,68324,home,France,Iraq,3,0,49.0,8.0,0.0,0.0,19.0,5.0,604.0,553.0,4.0,1.0,100.0,3.0,0.0,2.0,1.0,3.0,10.0,12.0,7.0,30.0,8.0,7.0,7.0,23.0,362.0,100.0,107.0,155.0,130.0,18.0,184.0,143.0,28.0,21.0,19.0,2.0,2.0,4.0,0.0,0.0,42.0,257.0
400021493,289273,Group stage,True,Group I,2026-06-26T19:00:00Z,Anthony TAYLOR,43036,away,Iraq,Senegal,0,5,30.0,11.0,2.0,1.0,6.0,1.0,280.0,200.0,3.0,0.0,13.0,0.0,5.0,0.0,0.0,0.0,1.0,1.0,5.0,10.0,2.0,2.0,1.0,7.0,163.0,50.0,68.0,45.0,44.0,4.0,128.0,59.0,13.0,4.0,5.0,0.0,3.0,11.0,0.0,0.0,43.0,259.0
400021493,289273,Group stage,True,Group I,2026-06-26T19:00:00Z,Anthony TAYLOR,43036,home,Senegal,Iraq,5,0,58.0,10.0,2.0,0.0,27.0,11.0,585.0,523.0,12.0,1.0,13.0,5.0,0.0,3.0,2.0,5.0,11.0,14.0,13.0,28.0,10.0,15.0,10.0,21.0,364.0,123.0,124.0,117.0,133.0,16.0,153.0,120.0,28.0,17.0,29.0,7.0,3.0,11.0,0.0,0.0,38.0,162.0
400021494,289273,Group stage,True,Group J,2026-06-22T17:00:00Z,Amin MOHAMED,70649,away,Austria,Argentina,0,2,43.0,13.0,2.0,0.0,6.0,1.0,475.0,416.0,3.0,0.0,9.0,0.0,2.0,0.0,0.0,0.0,4.0,4.0,2.0,21.0,10.0,11.0,6.0,11.0,311.0,92.0,116.0,103.0,97.0,13.0,163.0,105.0,24.0,13.0,18.0,3.0,3.0,15.0,0.0,0.0,31.0,299.0
400021494,289273,Group stage,True,Group J,2026-06-22T17:00:00Z,Amin MOHAMED,70649,home,Argentina,Austria,2,0,48.0,13.0,2.0,0.0,12.0,5.0,564.0,509.0,1.0,2.0,9.0,2.0,0.0,2.0,0.0,1.0,4.0,10.0,2.0,17.0,9.0,9.0,2.0,13.0,336.0,83.0,134.0,119.0,93.0,7.0,138.0,99.0,13.0,6.0,6.0,2.0,3.0,12.0,0.0,0.0,41.0,229.0
400021495,289273,Group stage,True,Group J,2026-06-28T02:00:00Z,Istvan KOVACS,70649,away,Argentina,Jordan,3,1,67.0,7.0,0.0,0.0,13.0,4.0,824.0,762.0,6.0,3.0,6.0,3.0,1.0,1.0,2.0,0.0,8.0,7.0,6.0,13.0,4.0,8.0,7.0,26.0,528.0,96.0,233.0,199.0,131.0,8.0,182.0,144.0,17.0,8.0,10.0,4.0,6.0,12.0,1.0,0.0,42.0,184.0
400021495,289273,Group stage,True,Group J,2026-06-28T02:00:00Z,Istvan KOVACS,70649,home,Jordan,Argentina,1,3,27.0,13.0,3.0,0.0,5.0,1.0,300.0,239.0,2.0,1.0,6.0,1.0,3.0,1.0,0.0,1.0,2.0,2.0,3.0,15.0,3.0,4.0,0.0,8.0,250.0,65.0,110.0,75.0,50.0,10.0,129.0,74.0,21.0,11.0,9.0,4.0,0.0,10.0,0.0,0.0,37.0,471.0
400021496,289273,Group stage,True,Group J,2026-06-17T01:00:00Z,Szymon MARCINIAK,69045,away,Algeria,Argentina,0,3,50.0,8.0,0.0,0.0,7.0,1.0,634.0,578.0,2.0,1.0,6.0,0.0,3.0,0.0,0.0,0.0,4.0,3.0,4.0,24.0,10.0,8.0,8.0,13.0,472.0,101.0,221.0,150.0,88.0,6.0,159.0,127.0,13.0,7.0,8.0,0.0,5.0,16.0,0.0,0.0,40.0,332.0
400021496,289273,Group stage,True,Group J,2026-06-17T01:00:00Z,Szymon MARCINIAK,69045,home,Argentina,Algeria,3,0,44.0,13.0,0.0,0.0,10.0,6.0,578.0,517.0,2.0,3.0,6.0,3.0,0.0,1.0,2.0,2.0,3.0,3.0,7.0,14.0,5.0,8.0,6.0,5.0,421.0,81.0,175.0,165.0,84.0,8.0,158.0,115.0,11.0,8.0,5.0,1.0,2.0,8.0,0.0,0.0,46.0,288.0
400021497,289273,Group stage,True,Group J,2026-06-28T02:00:00Z,Ilgiz TANTASHEV,69045,away,Austria,Algeria,3,3,33.0,7.0,1.0,0.0,10.0,3.0,405.0,355.0,3.0,3.0,7.0,3.0,3.0,2.0,1.0,3.0,6.0,6.0,4.0,16.0,4.0,5.0,7.0,13.0,196.0,64.0,54.0,78.0,88.0,15.0,122.0,88.0,16.0,10.0,13.0,3.0,0.0,4.0,0.0,0.0,24.0,305.0
400021497,289273,Group stage,True,Group J,2026-06-28T02:00:00Z,Ilgiz TANTASHEV,69045,home,Algeria,Austria,3,3,60.0,3.0,0.0,0.0,12.0,5.0,775.0,723.0,0.0,1.0,7.0,3.0,3.0,3.0,0.0,2.0,5.0,6.0,6.0,24.0,5.0,8.0,7.0,15.0,292.0,92.0,98.0,102.0,87.0,5.0,152.0,110.0,13.0,7.0,4.0,1.0,7.0,10.0,0.0,0.0,39.0,218.0
400021498,289273,Group stage,True,Group J,2026-06-17T04:00:00Z,Dahane BEIDA,68527,away,Jordan,Austria,1,3,33.0,7.0,0.0,0.0,11.0,4.0,344.0,254.0,3.0,1.0,14.0,1.0,3.0,1.0,0.0,1.0,4.0,7.0,4.0,18.0,3.0,3.0,3.0,13.0,295.0,92.0,117.0,86.0,79.0,5.0,153.0,77.0,11.0,4.0,15.0,4.0,5.0,15.0,0.0,1.0,55.0,322.0
400021498,289273,Group stage,True,Group J,2026-06-17T04:00:00Z,Dahane BEIDA,68527,home,Austria,Jordan,3,1,53.0,12.0,1.0,0.0,10.0,4.0,587.0,499.0,4.0,3.0,14.0,3.0,1.0,1.0,1.0,1.0,4.0,5.0,5.0,26.0,10.0,10.0,8.0,14.0,468.0,111.0,201.0,156.0,116.0,15.0,197.0,134.0,20.0,14.0,17.0,4.0,2.0,7.0,1.0,0.0,54.0,206.0
400021499,289273,Group stage,True,Group J,2026-06-23T03:00:00Z,Slavko VINCIC,68371,away,Algeria,Jordan,2,1,62.0,6.0,1.0,0.0,17.0,8.0,661.0,590.0,10.0,0.0,11.0,2.0,1.0,2.0,0.0,1.0,5.0,12.0,5.0,27.0,9.0,10.0,11.0,34.0,468.0,147.0,177.0,144.0,112.0,20.0,179.0,118.0,31.0,19.0,20.0,4.0,6.0,12.0,0.0,0.0,55.0,199.0
400021499,289273,Group stage,True,Group J,2026-06-23T03:00:00Z,Slavko VINCIC,68371,home,Jordan,Algeria,1,2,27.0,11.0,1.0,0.0,8.0,4.0,270.0,201.0,1.0,1.0,11.0,1.0,2.0,1.0,0.0,1.0,3.0,4.0,4.0,10.0,4.0,3.0,4.0,18.0,196.0,53.0,96.0,47.0,57.0,12.0,160.0,89.0,20.0,12.0,7.0,2.0,3.0,6.0,0.0,0.0,47.0,355.0
400021500,289273,Group stage,True,Group K,2026-06-27T23:30:00Z,Felix ZWAYER,68239,away,Uzbekistan,Congo DR,1,3,36.0,16.0,2.0,0.0,3.0,1.0,378.0,283.0,4.0,1.0,11.0,1.0,3.0,1.0,0.0,1.0,2.0,2.0,1.0,16.0,4.0,4.0,3.0,16.0,230.0,70.0,106.0,54.0,103.0,6.0,208.0,99.0,21.0,5.0,15.0,4.0,5.0,9.0,0.0,0.0,54.0,342.0
400021500,289273,Group stage,True,Group K,2026-06-27T23:30:00Z,Felix ZWAYER,68239,home,Congo DR,Uzbekistan,3,1,53.0,6.0,3.0,0.0,19.0,5.0,495.0,419.0,2.0,3.0,11.0,3.0,1.0,2.0,1.0,1.0,12.0,11.0,8.0,32.0,11.0,3.0,6.0,16.0,404.0,128.0,170.0,106.0,105.0,9.0,191.0,121.0,19.0,6.0,25.0,7.0,6.0,16.0,1.0,0.0,54.0,191.0
400021501,289273,Group stage,True,Group K,2026-06-24T02:00:00Z,Maurizio MARIANI,45358,away,Congo DR,Colombia,0,1,32.0,16.0,1.0,0.0,7.0,1.0,315.0,236.0,4.0,0.0,11.0,0.0,1.0,0.0,0.0,0.0,4.0,3.0,4.0,13.0,0.0,8.0,1.0,6.0,268.0,63.0,139.0,66.0,58.0,4.0,138.0,63.0,13.0,6.0,13.0,4.0,2.0,19.0,0.0,0.0,40.0,300.0
400021501,289273,Group stage,True,Group K,2026-06-24T02:00:00Z,Maurizio MARIANI,45358,home,Colombia,Congo DR,1,0,58.0,12.0,2.0,0.0,20.0,9.0,548.0,475.0,5.0,7.0,11.0,1.0,0.0,1.0,0.0,1.0,6.0,11.0,9.0,24.0,5.0,10.0,5.0,10.0,453.0,136.0,176.0,141.0,98.0,14.0,167.0,121.0,20.0,10.0,14.0,2.0,15.0,16.0,0.0,0.0,40.0,155.0
400021502,289273,Group stage,True,Group K,2026-06-17T17:00:00Z,Abdulrahman ALJASSIM,68777,away,Congo DR,Portugal,1,1,25.0,10.0,1.0,0.0,8.0,2.0,268.0,214.0,4.0,2.0,7.0,1.0,1.0,1.0,0.0,1.0,5.0,2.0,6.0,6.0,7.0,3.0,6.0,12.0,253.0,77.0,106.0,70.0,73.0,3.0,141.0,65.0,19.0,4.0,10.0,1.0,3.0,12.0,0.0,0.0,42.0,407.0
400021502,289273,Group stage,True,Group K,2026-06-17T17:00:00Z,Abdulrahman ALJASSIM,68777,home,Portugal,Congo DR,1,1,68.0,9.0,3.0,0.0,7.0,1.0,804.0,740.0,5.0,3.0,7.0,1.0,1.0,1.0,0.0,1.0,4.0,5.0,2.0,31.0,4.0,1.0,3.0,30.0,491.0,167.0,173.0,151.0,144.0,19.0,225.0,171.0,28.0,18.0,23.0,6.0,12.0,12.0,0.0,0.0,29.0,183.0
400021503,289273,Group stage,True,Group K,2026-06-23T17:00:00Z,Jalal JAYED,68777,away,Uzbekistan,Portugal,0,5,34.0,15.0,1.0,0.0,7.0,2.0,347.0,278.0,2.0,2.0,10.0,0.0,5.0,0.0,0.0,0.0,3.0,4.0,3.0,3.0,6.0,7.0,5.0,13.0,282.0,61.0,137.0,84.0,80.0,4.0,137.0,70.0,13.0,3.0,8.0,0.0,1.0,16.0,0.0,1.0,49.0,338.0
400021503,289273,Group stage,True,Group K,2026-06-23T17:00:00Z,Jalal JAYED,68777,home,Portugal,Uzbekistan,5,0,56.0,14.0,1.0,0.0,17.0,9.0,639.0,577.0,3.0,2.0,10.0,5.0,0.0,3.0,1.0,2.0,5.0,12.0,5.0,24.0,10.0,11.0,13.0,20.0,438.0,132.0,181.0,125.0,136.0,18.0,214.0,158.0,32.0,19.0,24.0,7.0,2.0,17.0,0.0,0.0,37.0,197.0
400021504,289273,Group stage,True,Group K,2026-06-18T02:00:00Z,Anthony TAYLOR,80824,away,Colombia,Uzbekistan,3,1,56.0,11.0,1.0,0.0,15.0,4.0,534.0,469.0,4.0,3.0,11.0,3.0,1.0,3.0,0.0,3.0,7.0,9.0,6.0,15.0,7.0,11.0,3.0,15.0,461.0,116.0,175.0,170.0,88.0,5.0,155.0,81.0,21.0,3.0,18.0,6.0,8.0,14.0,0.0,0.0,31.0,160.0
400021504,289273,Group stage,True,Group K,2026-06-18T02:00:00Z,Anthony TAYLOR,80824,home,Uzbekistan,Colombia,1,3,33.0,14.0,1.0,0.0,8.0,2.0,334.0,267.0,3.0,0.0,11.0,1.0,3.0,1.0,0.0,0.0,3.0,4.0,4.0,13.0,9.0,1.0,5.0,5.0,289.0,66.0,139.0,84.0,63.0,6.0,157.0,87.0,17.0,6.0,11.0,2.0,7.0,14.0,0.0,0.0,32.0,264.0
400021505,289273,Group stage,True,Group K,2026-06-27T23:30:00Z,Alireza FAGHANI,64478,away,Portugal,Colombia,0,0,41.0,6.0,0.0,0.0,13.0,2.0,456.0,421.0,2.0,2.0,8.0,0.0,0.0,0.0,0.0,0.0,7.0,5.0,8.0,20.0,11.0,5.0,2.0,12.0,281.0,83.0,124.0,74.0,98.0,10.0,158.0,121.0,22.0,12.0,14.0,2.0,7.0,15.0,0.0,0.0,37.0,303.0
400021505,289273,Group stage,True,Group K,2026-06-27T23:30:00Z,Alireza FAGHANI,64478,home,Colombia,Portugal,0,0,51.0,12.0,1.0,0.0,24.0,7.0,547.0,491.0,5.0,3.0,8.0,0.0,0.0,0.0,0.0,0.0,10.0,15.0,9.0,27.0,4.0,8.0,6.0,16.0,394.0,116.0,169.0,109.0,132.0,14.0,184.0,139.0,17.0,13.0,16.0,6.0,6.0,8.0,0.0,0.0,36.0,218.0
400021506,289273,Group stage,True,Group L,2026-06-23T20:00:00Z,Said MARTINEZ,63983,away,Ghana,England,0,0,20.0,24.0,1.0,0.0,2.0,0.0,179.0,128.0,2.0,2.0,8.0,0.0,0.0,0.0,0.0,0.0,0.0,2.0,0.0,6.0,1.0,0.0,2.0,7.0,94.0,40.0,21.0,33.0,36.0,8.0,106.0,52.0,14.0,6.0,5.0,0.0,4.0,16.0,0.0,0.0,31.0,298.0
400021506,289273,Group stage,True,Group L,2026-06-23T20:00:00Z,Said MARTINEZ,63983,home,England,Ghana,0,0,72.0,14.0,1.0,0.0,19.0,3.0,652.0,605.0,9.0,2.0,8.0,0.0,0.0,0.0,0.0,0.0,12.0,14.0,5.0,31.0,5.0,11.0,8.0,30.0,489.0,119.0,173.0,197.0,91.0,14.0,172.0,127.0,23.0,16.0,32.0,8.0,6.0,26.0,0.0,0.0,25.0,105.0
400021507,289273,Group stage,True,Group L,2026-06-17T20:00:00Z,Clement TURPIN,70389,away,Croatia,England,2,4,43.0,12.0,0.0,0.0,10.0,5.0,459.0,399.0,2.0,1.0,9.0,2.0,4.0,1.0,1.0,2.0,3.0,4.0,6.0,13.0,4.0,9.0,3.0,8.0,280.0,81.0,112.0,87.0,79.0,7.0,160.0,99.0,19.0,8.0,12.0,2.0,3.0,10.0,0.0,0.0,35.0,295.0
400021507,289273,Group stage,True,Group L,2026-06-17T20:00:00Z,Clement TURPIN,70389,home,England,Croatia,4,2,48.0,10.0,0.0,0.0,22.0,11.0,482.0,421.0,8.0,0.0,9.0,4.0,2.0,4.0,0.0,3.0,5.0,20.0,2.0,8.0,4.0,8.0,1.0,16.0,399.0,98.0,148.0,153.0,82.0,12.0,153.0,94.0,22.0,11.0,15.0,8.0,0.0,12.0,1.0,0.0,36.0,262.0
400021508,289273,Group stage,True,Group L,2026-06-27T21:00:00Z,Abdulrahman ALJASSIM,80663,away,England,Panama,2,0,57.0,13.0,1.0,0.0,17.0,6.0,562.0,500.0,7.0,4.0,11.0,2.0,0.0,2.0,0.0,2.0,9.0,12.0,5.0,20.0,10.0,7.0,6.0,27.0,481.0,140.0,131.0,210.0,126.0,27.0,198.0,150.0,39.0,30.0,29.0,5.0,6.0,20.0,0.0,0.0,44.0,228.0
400021508,289273,Group stage,True,Group L,2026-06-27T21:00:00Z,Abdulrahman ALJASSIM,80663,home,Panama,England,0,2,33.0,16.0,2.0,0.0,13.0,2.0,306.0,231.0,3.0,4.0,11.0,0.0,2.0,0.0,0.0,0.0,8.0,8.0,5.0,10.0,3.0,3.0,4.0,13.0,191.0,69.0,77.0,45.0,70.0,6.0,171.0,93.0,19.0,5.0,10.0,3.0,3.0,17.0,0.0,0.0,55.0,283.0
400021509,289273,Group stage,True,Group L,2026-06-27T21:00:00Z,Drew FISCHER,68324,away,Ghana,Croatia,1,2,43.0,13.0,1.0,0.0,6.0,1.0,466.0,411.0,2.0,2.0,7.0,1.0,2.0,1.0,0.0,1.0,3.0,3.0,3.0,13.0,3.0,5.0,7.0,16.0,257.0,99.0,74.0,84.0,57.0,2.0,94.0,53.0,11.0,5.0,11.0,2.0,4.0,10.0,0.0,0.0,40.0,271.0
400021509,289273,Group stage,True,Group L,2026-06-27T21:00:00Z,Drew FISCHER,68324,home,Croatia,Ghana,2,1,50.0,9.0,1.0,0.0,8.0,4.0,538.0,487.0,3.0,1.0,7.0,2.0,1.0,1.0,1.0,2.0,2.0,3.0,5.0,21.0,1.0,9.0,2.0,13.0,317.0,78.0,123.0,116.0,71.0,4.0,149.0,94.0,14.0,8.0,15.0,2.0,6.0,15.0,0.0,0.0,32.0,189.0
400021510,289273,Group stage,True,Group L,2026-06-17T23:00:00Z,Glenn NYBERG,42942,away,Panama,Ghana,0,1,55.0,11.0,2.0,0.0,11.0,4.0,597.0,526.0,2.0,1.0,10.0,0.0,1.0,0.0,0.0,0.0,4.0,6.0,5.0,26.0,3.0,5.0,5.0,14.0,424.0,95.0,182.0,147.0,85.0,9.0,213.0,123.0,19.0,8.0,21.0,3.0,11.0,13.0,0.0,0.0,48.0,201.0
400021510,289273,Group stage,True,Group L,2026-06-17T23:00:00Z,Glenn NYBERG,42942,home,Ghana,Panama,1,0,35.0,9.0,1.0,0.0,7.0,2.0,362.0,304.0,2.0,4.0,10.0,1.0,0.0,1.0,0.0,1.0,3.0,6.0,1.0,17.0,5.0,5.0,5.0,17.0,226.0,76.0,69.0,81.0,77.0,13.0,146.0,94.0,20.0,12.0,17.0,6.0,7.0,12.0,0.0,0.0,49.0,294.0
400021511,289273,Group stage,True,Group L,2026-06-23T23:00:00Z,Pierre ATCHO,43036,away,Croatia,Panama,1,0,52.0,12.0,1.0,0.0,6.0,2.0,518.0,445.0,2.0,2.0,11.0,1.0,0.0,1.0,0.0,1.0,4.0,4.0,2.0,15.0,7.0,4.0,4.0,20.0,341.0,141.0,82.0,118.0,83.0,15.0,162.0,96.0,28.0,16.0,18.0,4.0,4.0,20.0,0.0,0.0,47.0,236.0
400021511,289273,Group stage,True,Group L,2026-06-23T23:00:00Z,Pierre ATCHO,43036,home,Panama,Croatia,0,1,37.0,19.0,1.0,0.0,8.0,1.0,356.0,282.0,7.0,1.0,11.0,0.0,1.0,0.0,0.0,0.0,4.0,6.0,2.0,19.0,5.0,3.0,7.0,20.0,274.0,75.0,107.0,92.0,93.0,13.0,168.0,99.0,16.0,10.0,27.0,6.0,5.0,14.0,0.0,0.0,44.0,269.0
400021512,289287,Round of 32,False,,2026-07-01T16:00:00Z,Adham MAKHADMEH,68239,away,Congo DR,England,1,2,37.0,12.0,1.0,0.0,7.0,2.0,392.0,326.0,3.0,4.0,10.0,1.0,2.0,1.0,0.0,1.0,4.0,2.0,5.0,16.0,5.0,2.0,4.0,9.0,312.0,74.0,127.0,111.0,87.0,6.0,170.0,106.0,19.0,9.0,16.0,2.0,3.0,10.0,0.0,0.0,36.0,336.0
400021512,289287,Round of 32,False,,2026-07-01T16:00:00Z,Adham MAKHADMEH,68239,home,England,Congo DR,2,1,53.0,10.0,1.0,0.0,16.0,7.0,523.0,482.0,5.0,0.0,10.0,2.0,1.0,2.0,0.0,2.0,4.0,13.0,3.0,27.0,8.0,10.0,4.0,36.0,490.0,135.0,188.0,167.0,119.0,24.0,204.0,161.0,34.0,25.0,42.0,9.0,4.0,16.0,0.0,0.0,35.0,246.0
400021513,289287,Round of 32,False,,2026-06-29T20:30:00Z,Jalal JAYED,63945,away,Paraguay,Germany,1,1,23.0,12.0,2.0,0.0,7.0,3.0,264.0,166.0,6.0,1.0,12.0,1.0,1.0,1.0,0.0,1.0,4.0,6.0,1.0,10.0,9.0,9.0,2.0,9.0,131.0,36.0,57.0,38.0,73.0,7.0,171.0,62.0,26.0,6.0,20.0,6.0,2.0,21.0,0.0,0.0,59.0,410.0
400021513,289287,Round of 32,False,,2026-06-29T20:30:00Z,Jalal JAYED,63945,home,Germany,Paraguay,1,1,65.0,18.0,2.0,0.0,21.0,6.0,834.0,752.0,16.0,4.0,12.0,1.0,1.0,1.0,0.0,1.0,7.0,11.0,10.0,32.0,11.0,12.0,4.0,64.0,478.0,141.0,177.0,160.0,157.0,11.0,233.0,179.0,18.0,10.0,52.0,9.0,2.0,13.0,0.0,0.0,45.0,164.0
400021514,289287,Round of 32,False,,2026-06-30T17:00:00Z,Jesus VALENZUELA,69665,away,Norway,Côte d'Ivoire,2,1,50.0,7.0,1.0,0.0,9.0,4.0,492.0,442.0,3.0,2.0,9.0,2.0,1.0,2.0,0.0,2.0,2.0,8.0,1.0,15.0,4.0,5.0,7.0,21.0,309.0,66.0,173.0,70.0,119.0,4.0,157.0,112.0,15.0,5.0,15.0,7.0,2.0,8.0,0.0,0.0,31.0,216.0
400021514,289287,Round of 32,False,,2026-06-30T17:00:00Z,Jesus VALENZUELA,69665,home,Côte d'Ivoire,Norway,1,2,41.0,6.0,0.0,0.0,14.0,5.0,406.0,353.0,14.0,2.0,9.0,1.0,2.0,1.0,0.0,1.0,4.0,10.0,4.0,21.0,3.0,6.0,5.0,19.0,266.0,89.0,88.0,89.0,102.0,17.0,154.0,109.0,28.0,16.0,33.0,8.0,6.0,9.0,0.0,0.0,45.0,318.0
400021515,289287,Round of 32,False,,2026-07-03T18:00:00Z,Gustavo TEJERA,70244,away,Egypt,Australia,1,1,53.0,14.0,2.0,0.0,14.0,4.0,729.0,638.0,7.0,3.0,12.0,1.0,1.0,1.0,0.0,1.0,5.0,8.0,6.0,22.0,8.0,2.0,7.0,34.0,552.0,128.0,194.0,230.0,84.0,15.0,211.0,136.0,27.0,20.0,22.0,3.0,13.0,12.0,0.0,1.0,42.0,304.0
400021515,289287,Round of 32,False,,2026-07-03T18:00:00Z,Gustavo TEJERA,70244,home,Australia,Egypt,1,1,35.0,12.0,0.0,0.0,16.0,2.0,520.0,428.0,4.0,0.0,12.0,1.0,1.0,0.0,0.0,0.0,7.0,10.0,6.0,18.0,5.0,11.0,5.0,20.0,381.0,90.0,167.0,124.0,119.0,15.0,216.0,133.0,26.0,11.0,23.0,6.0,4.0,17.0,0.0,0.0,56.0,373.0
400021516,289287,Round of 32,False,,2026-06-29T17:00:00Z,Maurizio MARIANI,68777,away,Japan,Brazil,1,2,30.0,13.0,3.0,0.0,5.0,2.0,330.0,279.0,2.0,0.0,9.0,1.0,2.0,0.0,1.0,0.0,2.0,2.0,3.0,9.0,6.0,5.0,3.0,18.0,307.0,64.0,152.0,91.0,71.0,6.0,147.0,89.0,16.0,5.0,12.0,2.0,4.0,5.0,0.0,0.0,34.0,362.0
400021516,289287,Round of 32,False,,2026-06-29T17:00:00Z,Maurizio MARIANI,68777,home,Brazil,Japan,2,1,61.0,4.0,2.0,0.0,19.0,7.0,715.0,652.0,6.0,1.0,9.0,2.0,1.0,2.0,0.0,2.0,10.0,12.0,7.0,34.0,13.0,11.0,8.0,27.0,487.0,123.0,151.0,213.0,119.0,11.0,188.0,127.0,23.0,14.0,30.0,7.0,7.0,13.0,0.0,0.0,40.0,200.0
400021517,289287,Round of 32,False,,2026-07-04T01:30:00Z,Clement TURPIN,69045,away,Ghana,Colombia,0,1,38.0,10.0,3.0,0.0,8.0,0.0,390.0,329.0,2.0,0.0,8.0,0.0,1.0,0.0,0.0,0.0,4.0,1.0,7.0,11.0,3.0,5.0,7.0,12.0,195.0,62.0,78.0,55.0,65.0,3.0,166.0,90.0,16.0,3.0,15.0,2.0,3.0,16.0,0.0,0.0,36.0,297.0
400021517,289287,Round of 32,False,,2026-07-04T01:30:00Z,Clement TURPIN,69045,home,Colombia,Ghana,1,0,54.0,14.0,2.0,0.0,20.0,8.0,598.0,540.0,3.0,2.0,8.0,1.0,0.0,1.0,0.0,1.0,10.0,11.0,9.0,22.0,7.0,7.0,10.0,13.0,420.0,115.0,169.0,136.0,102.0,12.0,166.0,110.0,20.0,12.0,17.0,5.0,10.0,10.0,0.0,0.0,35.0,217.0
400021518,289287,Round of 32,False,,2026-06-28T19:00:00Z,Joao PINHEIRO,69237,away,Canada,South Africa,1,0,35.0,16.0,2.0,0.0,12.0,7.0,390.0,314.0,4.0,0.0,10.0,1.0,0.0,0.0,1.0,0.0,5.0,9.0,3.0,24.0,5.0,10.0,6.0,16.0,253.0,80.0,104.0,69.0,103.0,8.0,150.0,91.0,19.0,7.0,14.0,5.0,0.0,11.0,0.0,0.0,49.0,344.0
400021518,289287,Round of 32,False,,2026-06-28T19:00:00Z,Joao PINHEIRO,69237,home,South Africa,Canada,0,1,55.0,10.0,0.0,0.0,6.0,1.0,575.0,486.0,1.0,1.0,10.0,0.0,1.0,0.0,0.0,0.0,4.0,1.0,5.0,11.0,7.0,4.0,6.0,4.0,304.0,103.0,104.0,97.0,76.0,13.0,219.0,134.0,25.0,13.0,5.0,2.0,6.0,15.0,0.0,0.0,42.0,221.0
400021519,289287,Round of 32,False,,2026-07-02T19:00:00Z,Glenn NYBERG,70492,away,Austria,Spain,0,3,33.0,15.0,1.0,0.0,5.0,0.0,360.0,291.0,0.0,5.0,8.0,0.0,3.0,0.0,0.0,0.0,4.0,4.0,1.0,10.0,4.0,3.0,1.0,4.0,259.0,56.0,115.0,88.0,81.0,5.0,153.0,87.0,12.0,5.0,14.0,4.0,1.0,10.0,0.0,0.0,41.0,410.0
400021519,289287,Round of 32,False,,2026-07-02T19:00:00Z,Glenn NYBERG,70492,home,Spain,Austria,3,0,59.0,8.0,0.0,0.0,23.0,10.0,643.0,589.0,9.0,2.0,8.0,3.0,0.0,3.0,0.0,3.0,7.0,14.0,9.0,25.0,8.0,15.0,7.0,24.0,492.0,115.0,203.0,174.0,154.0,11.0,212.0,167.0,25.0,14.0,25.0,8.0,6.0,20.0,0.0,0.0,51.0,203.0
400021520,289287,Round of 32,False,,2026-07-01T02:00:00Z,Slavko VINCIC,80824,away,Ecuador,Mexico,0,2,52.0,14.0,3.0,1.0,7.0,1.0,420.0,353.0,8.0,1.0,11.0,0.0,2.0,0.0,0.0,0.0,4.0,5.0,2.0,25.0,8.0,10.0,1.0,11.0,243.0,74.0,79.0,90.0,75.0,5.0,162.0,83.0,19.0,7.0,27.0,3.0,4.0,10.0,0.0,0.0,35.0,191.0
400021520,289287,Round of 32,False,,2026-07-01T02:00:00Z,Slavko VINCIC,80824,home,Mexico,Ecuador,2,0,37.0,10.0,0.0,0.0,15.0,3.0,317.0,259.0,3.0,0.0,11.0,2.0,0.0,1.0,1.0,2.0,10.0,9.0,6.0,17.0,6.0,5.0,5.0,13.0,275.0,73.0,131.0,71.0,84.0,11.0,146.0,96.0,19.0,10.0,10.0,5.0,1.0,15.0,0.0,0.0,33.0,215.0
400021521,289287,Round of 32,False,,2026-07-03T22:00:00Z,Drew FISCHER,64478,away,Cabo Verde,Argentina,2,3,34.0,12.0,1.0,0.0,16.0,5.0,491.0,425.0,8.0,2.0,7.0,2.0,3.0,1.0,1.0,2.0,7.0,5.0,11.0,26.0,5.0,9.0,5.0,16.0,377.0,100.0,180.0,97.0,87.0,4.0,177.0,119.0,14.0,5.0,19.0,5.0,3.0,16.0,0.0,1.0,45.0,415.0
400021521,289287,Round of 32,False,,2026-07-03T22:00:00Z,Drew FISCHER,64478,home,Argentina,Cabo Verde,3,2,59.0,13.0,1.0,0.0,22.0,12.0,862.0,800.0,8.0,3.0,7.0,3.0,2.0,2.0,0.0,2.0,5.0,15.0,7.0,28.0,18.0,25.0,11.0,24.0,426.0,135.0,135.0,156.0,146.0,22.0,229.0,189.0,29.0,24.0,19.0,6.0,5.0,14.0,0.0,0.0,51.0,289.0
400021522,289287,Round of 32,False,,2026-06-30T01:00:00Z,Wilton SAMPAIO,51243,away,Morocco,Netherlands,1,1,61.0,15.0,1.0,0.0,11.0,5.0,891.0,813.0,8.0,0.0,8.0,1.0,1.0,1.0,0.0,1.0,4.0,5.0,6.0,24.0,7.0,6.0,7.0,35.0,464.0,156.0,130.0,178.0,111.0,11.0,166.0,109.0,20.0,10.0,19.0,4.0,3.0,21.0,0.0,0.0,52.0,244.0
400021522,289287,Round of 32,False,,2026-06-30T01:00:00Z,Wilton SAMPAIO,51243,home,Netherlands,Morocco,1,1,31.0,18.0,0.0,0.0,6.0,2.0,395.0,307.0,5.0,3.0,8.0,1.0,1.0,1.0,0.0,1.0,2.0,4.0,2.0,11.0,3.0,10.0,5.0,16.0,192.0,74.0,60.0,58.0,68.0,5.0,149.0,75.0,11.0,4.0,10.0,2.0,3.0,15.0,0.0,0.0,51.0,340.0
400021523,289287,Round of 32,False,,2026-06-30T21:00:00Z,Danny MAKKELIE,80663,away,Sweden,France,0,3,38.0,10.0,0.0,0.0,8.0,3.0,365.0,296.0,1.0,1.0,9.0,0.0,3.0,0.0,0.0,0.0,4.0,6.0,2.0,7.0,3.0,10.0,6.0,17.0,250.0,58.0,107.0,85.0,78.0,6.0,156.0,77.0,24.0,6.0,11.0,2.0,1.0,17.0,0.0,0.0,34.0,258.0
400021523,289287,Round of 32,False,,2026-06-30T21:00:00Z,Danny MAKKELIE,80663,home,France,Sweden,3,0,53.0,14.0,0.0,0.0,25.0,12.0,548.0,498.0,9.0,3.0,9.0,3.0,0.0,3.0,0.0,3.0,10.0,15.0,10.0,28.0,11.0,9.0,9.0,12.0,378.0,110.0,130.0,138.0,134.0,18.0,186.0,146.0,25.0,16.0,22.0,5.0,5.0,11.0,0.0,0.0,35.0,213.0
400021524,289287,Round of 32,False,,2026-07-02T00:00:00Z,Raphael CLAUS,68827,away,Bosnia and Herzegovina,USA,0,2,47.0,13.0,1.0,0.0,10.0,3.0,459.0,381.0,3.0,0.0,10.0,0.0,2.0,0.0,0.0,0.0,4.0,4.0,6.0,15.0,3.0,1.0,3.0,19.0,286.0,94.0,81.0,111.0,53.0,4.0,117.0,60.0,9.0,5.0,12.0,1.0,5.0,10.0,0.0,0.0,32.0,208.0
400021524,289287,Round of 32,False,,2026-07-02T00:00:00Z,Raphael CLAUS,68827,home,USA,Bosnia and Herzegovina,2,0,43.0,7.0,0.0,1.0,8.0,2.0,425.0,362.0,4.0,3.0,10.0,2.0,0.0,1.0,1.0,0.0,5.0,6.0,2.0,17.0,3.0,6.0,8.0,20.0,306.0,106.0,122.0,78.0,87.0,12.0,178.0,105.0,30.0,14.0,19.0,5.0,4.0,13.0,0.0,0.0,43.0,206.0
400021525,289287,Round of 32,False,,2026-07-01T20:00:00Z,Said MARTINEZ,66925,away,Senegal,Belgium,2,3,42.0,12.0,1.0,0.0,19.0,5.0,638.0,555.0,2.0,2.0,10.0,2.0,3.0,2.0,0.0,1.0,11.0,10.0,9.0,22.0,5.0,9.0,4.0,28.0,420.0,119.0,156.0,145.0,135.0,17.0,255.0,166.0,29.0,16.0,27.0,7.0,6.0,24.0,0.0,0.0,52.0,352.0
400021525,289287,Round of 32,False,,2026-07-01T20:00:00Z,Said MARTINEZ,66925,home,Belgium,Senegal,3,2,48.0,22.0,1.0,0.0,19.0,5.0,695.0,607.0,4.0,2.0,10.0,3.0,2.0,3.0,0.0,2.0,8.0,10.0,9.0,31.0,7.0,10.0,14.0,23.0,517.0,156.0,191.0,170.0,108.0,12.0,205.0,132.0,22.0,12.0,27.0,7.0,4.0,13.0,1.0,0.0,45.0,351.0
400021526,289287,Round of 32,False,,2026-07-02T23:00:00Z,Espen ESKAS,43036,away,Croatia,Portugal,1,2,37.0,12.0,2.0,0.0,13.0,6.0,386.0,330.0,5.0,4.0,8.0,1.0,2.0,1.0,0.0,0.0,5.0,10.0,3.0,11.0,4.0,10.0,1.0,11.0,300.0,102.0,125.0,73.0,90.0,7.0,140.0,82.0,16.0,7.0,21.0,6.0,5.0,7.0,0.0,0.0,35.0,291.0
400021526,289287,Round of 32,False,,2026-07-02T23:00:00Z,Espen ESKAS,43036,home,Portugal,Croatia,2,1,55.0,6.0,1.0,0.0,15.0,3.0,588.0,538.0,9.0,1.0,8.0,2.0,1.0,2.0,0.0,1.0,9.0,10.0,5.0,29.0,6.0,10.0,2.0,24.0,356.0,98.0,141.0,117.0,93.0,7.0,151.0,100.0,21.0,7.0,21.0,6.0,3.0,15.0,1.0,0.0,42.0,257.0
400021527,289287,Round of 32,False,,2026-07-03T03:00:00Z,Yael FALCON PEREZ,52497,away,Algeria,Switzerland,0,2,51.0,12.0,2.0,0.0,8.0,2.0,571.0,491.0,2.0,2.0,9.0,0.0,2.0,0.0,0.0,0.0,2.0,5.0,3.0,25.0,7.0,5.0,1.0,17.0,389.0,137.0,141.0,111.0,92.0,7.0,206.0,128.0,19.0,9.0,7.0,3.0,10.0,10.0,0.0,0.0,47.0,266.0
400021527,289287,Round of 32,False,,2026-07-03T03:00:00Z,Yael FALCON PEREZ,52497,home,Switzerland,Algeria,2,0,40.0,10.0,0.0,0.0,11.0,5.0,451.0,371.0,4.0,0.0,9.0,2.0,0.0,2.0,0.0,1.0,4.0,9.0,2.0,19.0,7.0,3.0,4.0,12.0,256.0,75.0,95.0,86.0,100.0,9.0,178.0,107.0,22.0,10.0,18.0,5.0,1.0,14.0,0.0,0.0,56.0,283.0
400021528,289288,Round of 16,False,,2026-07-07T16:00:00Z,Francois LETEXIER,68239,away,Egypt,Argentina,2,3,34.0,11.0,4.0,0.0,5.0,2.0,382.0,316.0,1.0,0.0,10.0,2.0,3.0,2.0,0.0,2.0,2.0,4.0,1.0,6.0,2.0,4.0,2.0,15.0,316.0,39.0,164.0,113.0,55.0,1.0,160.0,81.0,13.0,4.0,8.0,2.0,2.0,16.0,0.0,0.0,27.0,380.0
400021528,289288,Round of 16,False,,2026-07-07T16:00:00Z,Francois LETEXIER,68239,home,Argentina,Egypt,3,2,57.0,13.0,0.0,0.0,19.0,7.0,618.0,558.0,6.0,3.0,10.0,3.0,2.0,3.0,0.0,3.0,9.0,11.0,8.0,20.0,14.0,17.0,10.0,22.0,394.0,125.0,107.0,162.0,126.0,11.0,186.0,152.0,19.0,12.0,26.0,8.0,5.0,10.0,0.0,0.0,39.0,190.0
400021529,289288,Round of 16,False,,2026-07-06T19:00:00Z,Anthony TAYLOR,70649,away,Spain,Portugal,1,0,50.0,13.0,1.0,0.0,15.0,6.0,548.0,490.0,7.0,1.0,9.0,1.0,0.0,1.0,0.0,1.0,8.0,7.0,8.0,13.0,14.0,11.0,10.0,16.0,395.0,119.0,142.0,134.0,126.0,17.0,218.0,164.0,24.0,16.0,18.0,1.0,5.0,11.0,0.0,0.0,55.0,294.0
400021529,289288,Round of 16,False,,2026-07-06T19:00:00Z,Anthony TAYLOR,70649,home,Portugal,Spain,0,1,41.0,9.0,2.0,0.0,10.0,2.0,459.0,378.0,3.0,2.0,9.0,0.0,1.0,0.0,0.0,0.0,6.0,8.0,2.0,19.0,3.0,3.0,7.0,23.0,315.0,73.0,140.0,102.0,108.0,9.0,195.0,127.0,20.0,10.0,12.0,4.0,10.0,14.0,0.0,0.0,43.0,342.0
400021530,289288,Round of 16,False,,2026-07-04T17:00:00Z,Michael OLIVER,68777,away,Morocco,Canada,3,0,50.0,14.0,4.0,0.0,5.0,4.0,499.0,420.0,1.0,3.0,13.0,3.0,0.0,2.0,1.0,3.0,1.0,3.0,2.0,5.0,2.0,3.0,3.0,18.0,251.0,82.0,91.0,78.0,64.0,7.0,144.0,85.0,17.0,9.0,6.0,1.0,1.0,26.0,0.0,0.0,46.0,189.0
400021530,289288,Round of 16,False,,2026-07-04T17:00:00Z,Michael OLIVER,68777,home,Canada,Morocco,0,3,37.0,24.0,4.0,0.0,10.0,3.0,368.0,282.0,11.0,2.0,13.0,0.0,3.0,0.0,0.0,0.0,2.0,6.0,4.0,21.0,9.0,10.0,3.0,18.0,292.0,75.0,134.0,83.0,77.0,12.0,167.0,95.0,25.0,12.0,27.0,5.0,2.0,17.0,0.0,0.0,48.0,273.0
400021531,289288,Round of 16,False,,2026-07-06T01:00:00Z,Alireza FAGHANI,80824,away,England,Mexico,3,2,31.0,7.0,4.0,1.0,6.0,5.0,254.0,204.0,2.0,0.0,10.0,3.0,2.0,3.0,0.0,2.0,0.0,4.0,2.0,10.0,4.0,8.0,0.0,9.0,227.0,38.0,92.0,97.0,39.0,12.0,129.0,69.0,21.0,9.0,8.0,3.0,2.0,13.0,1.0,0.0,28.0,243.0
400021531,289288,Round of 16,False,,2026-07-06T01:00:00Z,Alireza FAGHANI,80824,home,Mexico,England,2,3,59.0,14.0,2.0,0.0,20.0,5.0,485.0,448.0,12.0,1.0,10.0,2.0,3.0,2.0,0.0,0.0,7.0,12.0,8.0,31.0,8.0,11.0,8.0,24.0,435.0,147.0,143.0,145.0,126.0,8.0,161.0,114.0,18.0,8.0,49.0,11.0,11.0,6.0,1.0,0.0,33.0,182.0
400021532,289288,Round of 16,False,,2026-07-05T20:00:00Z,Ismail ELFATH,80663,away,Norway,Brazil,2,1,60.0,6.0,0.0,0.0,9.0,5.0,683.0,627.0,5.0,1.0,8.0,2.0,1.0,1.0,1.0,2.0,4.0,7.0,2.0,19.0,5.0,10.0,6.0,25.0,364.0,71.0,164.0,129.0,151.0,8.0,193.0,135.0,15.0,7.0,17.0,3.0,1.0,8.0,0.0,0.0,28.0,185.0
400021532,289288,Round of 16,False,,2026-07-05T20:00:00Z,Ismail ELFATH,80663,home,Brazil,Norway,1,2,32.0,7.0,1.0,0.0,14.0,4.0,347.0,298.0,5.0,1.0,8.0,1.0,2.0,1.0,0.0,0.0,3.0,9.0,5.0,18.0,1.0,8.0,5.0,14.0,297.0,88.0,109.0,100.0,87.0,8.0,122.0,77.0,25.0,12.0,16.0,0.0,6.0,5.0,1.0,0.0,38.0,401.0
400021533,289288,Round of 16,False,,2026-07-04T21:00:00Z,Ilgiz TANTASHEV,68324,away,France,Paraguay,1,0,66.0,11.0,3.0,0.0,15.0,5.0,587.0,526.0,12.0,0.0,12.0,1.0,0.0,1.0,0.0,0.0,9.0,5.0,10.0,35.0,6.0,14.0,9.0,31.0,267.0,85.0,82.0,100.0,108.0,11.0,141.0,114.0,13.0,10.0,20.0,0.0,3.0,12.0,1.0,0.0,37.0,95.0
400021533,289288,Round of 16,False,,2026-07-04T21:00:00Z,Ilgiz TANTASHEV,68324,home,Paraguay,France,0,1,22.0,13.0,0.0,0.0,5.0,0.0,191.0,108.0,2.0,0.0,12.0,0.0,1.0,0.0,0.0,0.0,4.0,1.0,4.0,5.0,4.0,1.0,5.0,7.0,69.0,23.0,32.0,14.0,46.0,2.0,144.0,46.0,16.0,3.0,6.0,0.0,3.0,10.0,0.0,0.0,40.0,268.0
400021534,289288,Round of 16,False,,2026-07-07T00:00:00Z,Adham MAKHADMEH,66925,away,Belgium,USA,4,1,40.0,9.0,0.0,0.0,15.0,7.0,423.0,340.0,5.0,1.0,9.0,4.0,1.0,3.0,1.0,4.0,4.0,10.0,5.0,12.0,4.0,8.0,3.0,13.0,239.0,71.0,78.0,90.0,94.0,4.0,176.0,90.0,18.0,7.0,19.0,7.0,8.0,11.0,0.0,0.0,48.0,295.0
400021534,289288,Round of 16,False,,2026-07-07T00:00:00Z,Adham MAKHADMEH,66925,home,USA,Belgium,1,4,51.0,11.0,2.0,0.0,7.0,2.0,553.0,483.0,3.0,0.0,9.0,1.0,4.0,0.0,1.0,0.0,4.0,5.0,2.0,32.0,9.0,4.0,12.0,18.0,400.0,107.0,142.0,151.0,78.0,14.0,201.0,155.0,21.0,14.0,13.0,2.0,5.0,10.0,0.0,0.0,41.0,232.0
400021535,289288,Round of 16,False,,2026-07-07T20:00:00Z,Ivan BARTON,52497,away,Colombia,Switzerland,0,0,44.0,21.0,2.0,0.0,15.0,3.0,562.0,462.0,7.0,4.0,8.0,0.0,0.0,0.0,0.0,0.0,7.0,9.0,6.0,14.0,3.0,7.0,9.0,15.0,431.0,135.0,159.0,137.0,91.0,7.0,223.0,136.0,20.0,4.0,17.0,3.0,12.0,27.0,0.0,0.0,52.0,338.0
400021535,289288,Round of 16,False,,2026-07-07T20:00:00Z,Ivan BARTON,52497,home,Switzerland,Colombia,0,0,48.0,22.0,3.0,0.0,7.0,2.0,641.0,561.0,3.0,5.0,8.0,0.0,0.0,0.0,0.0,0.0,3.0,4.0,3.0,27.0,6.0,8.0,8.0,15.0,515.0,115.0,223.0,177.0,116.0,12.0,225.0,162.0,28.0,13.0,16.0,1.0,6.0,25.0,0.0,0.0,49.0,316.0
400021536,289289,Quarter-final,False,,2026-07-09T20:00:00Z,Facundo TELLO,63811,away,Morocco,France,0,2,46.0,13.0,1.0,0.0,5.0,1.0,539.0,469.0,5.0,0.0,8.0,0.0,2.0,0.0,0.0,0.0,3.0,1.0,4.0,23.0,3.0,5.0,5.0,6.0,306.0,69.0,146.0,91.0,85.0,6.0,133.0,85.0,14.0,6.0,16.0,2.0,4.0,10.0,0.0,0.0,36.0,286.0
400021536,289289,Quarter-final,False,,2026-07-09T20:00:00Z,Facundo TELLO,63811,home,France,Morocco,2,0,46.0,10.0,0.0,0.0,22.0,8.0,497.0,450.0,5.0,0.0,8.0,2.0,0.0,1.0,1.0,2.0,10.0,13.0,9.0,22.0,9.0,9.0,9.0,21.0,333.0,96.0,120.0,117.0,119.0,10.0,145.0,116.0,17.0,9.0,13.0,5.0,5.0,12.0,0.0,0.0,38.0,263.0
400021537,289289,Quarter-final,False,,2026-07-12T01:00:00Z,Joao PINHEIRO,69045,away,Switzerland,Argentina,1,3,37.0,18.0,2.0,1.0,11.0,5.0,476.0,404.0,2.0,3.0,9.0,1.0,3.0,1.0,0.0,1.0,4.0,5.0,6.0,17.0,9.0,10.0,9.0,13.0,277.0,63.0,104.0,110.0,94.0,9.0,187.0,112.0,26.0,8.0,22.0,4.0,2.0,17.0,0.0,0.0,43.0,367.0
400021537,289289,Quarter-final,False,,2026-07-12T01:00:00Z,Joao PINHEIRO,69045,home,Argentina,Switzerland,3,1,54.0,14.0,3.0,0.0,22.0,7.0,716.0,629.0,8.0,4.0,9.0,3.0,1.0,2.0,1.0,2.0,11.0,12.0,10.0,14.0,13.0,19.0,9.0,16.0,436.0,149.0,135.0,152.0,111.0,8.0,192.0,110.0,19.0,7.0,16.0,7.0,5.0,21.0,0.0,0.0,39.0,241.0
400021538,289289,Quarter-final,False,,2026-07-10T19:00:00Z,Michael OLIVER,70492,away,Belgium,Spain,1,2,30.0,18.0,2.0,0.0,5.0,2.0,320.0,254.0,1.0,1.0,9.0,1.0,2.0,1.0,0.0,1.0,1.0,4.0,1.0,6.0,6.0,2.0,2.0,9.0,190.0,51.0,85.0,54.0,63.0,7.0,168.0,94.0,22.0,9.0,12.0,2.0,0.0,16.0,0.0,0.0,40.0,339.0
400021538,289289,Quarter-final,False,,2026-07-10T19:00:00Z,Michael OLIVER,70492,home,Spain,Belgium,2,1,61.0,13.0,2.0,0.0,17.0,8.0,693.0,625.0,5.0,3.0,9.0,2.0,1.0,2.0,0.0,0.0,6.0,11.0,6.0,20.0,8.0,12.0,9.0,28.0,519.0,160.0,220.0,139.0,164.0,16.0,243.0,187.0,29.0,18.0,21.0,3.0,6.0,19.0,0.0,0.0,37.0,206.0
400021539,289289,Quarter-final,False,,2026-07-11T21:00:00Z,Clement TURPIN,64478,away,England,Norway,2,1,47.0,8.0,0.0,0.0,14.0,7.0,653.0,593.0,4.0,5.0,9.0,2.0,1.0,2.0,0.0,1.0,4.0,8.0,6.0,27.0,8.0,9.0,7.0,30.0,480.0,103.0,144.0,233.0,109.0,13.0,191.0,137.0,23.0,15.0,21.0,8.0,14.0,11.0,0.0,0.0,42.0,304.0
400021539,289289,Quarter-final,False,,2026-07-11T21:00:00Z,Clement TURPIN,64478,home,Norway,England,1,2,44.0,10.0,1.0,0.0,13.0,4.0,582.0,504.0,7.0,1.0,9.0,1.0,2.0,1.0,0.0,1.0,7.0,10.0,3.0,16.0,7.0,4.0,15.0,18.0,440.0,88.0,163.0,189.0,110.0,4.0,174.0,115.0,10.0,3.0,18.0,3.0,0.0,12.0,0.0,0.0,33.0,324.0
400021540,289290,Semi-final,False,,2026-07-15T19:00:00Z,Ismail ELFATH,68239,away,Argentina,England,2,1,56.0,15.0,3.0,0.0,15.0,5.0,610.0,549.0,6.0,3.0,9.0,2.0,1.0,1.0,1.0,2.0,8.0,7.0,8.0,14.0,5.0,10.0,7.0,23.0,430.0,100.0,123.0,207.0,107.0,9.0,162.0,125.0,14.0,8.0,20.0,6.0,6.0,12.0,0.0,0.0,39.0,188.0
400021540,289290,Semi-final,False,,2026-07-15T19:00:00Z,Ismail ELFATH,68239,home,England,Argentina,1,2,35.0,11.0,1.0,0.0,5.0,2.0,353.0,293.0,1.0,1.0,9.0,1.0,2.0,1.0,0.0,1.0,1.0,2.0,3.0,19.0,3.0,7.0,3.0,14.0,300.0,81.0,83.0,136.0,65.0,10.0,151.0,89.0,20.0,13.0,15.0,1.0,2.0,18.0,0.0,0.0,32.0,320.0
400021541,289290,Semi-final,False,,2026-07-14T19:00:00Z,Ivan BARTON,70176,away,Spain,France,2,0,45.0,12.0,1.0,0.0,10.0,2.0,517.0,439.0,1.0,5.0,9.0,2.0,0.0,2.0,0.0,1.0,6.0,5.0,5.0,26.0,6.0,3.0,7.0,9.0,438.0,92.0,217.0,129.0,115.0,7.0,183.0,119.0,19.0,9.0,8.0,2.0,1.0,14.0,1.0,0.0,54.0,309.0
400021541,289290,Semi-final,False,,2026-07-14T19:00:00Z,Ivan BARTON,70176,home,France,Spain,0,2,46.0,11.0,2.0,0.0,10.0,3.0,496.0,417.0,7.0,4.0,9.0,0.0,2.0,0.0,0.0,0.0,6.0,4.0,6.0,28.0,5.0,5.0,5.0,13.0,329.0,78.0,122.0,129.0,105.0,8.0,183.0,124.0,19.0,8.0,22.0,3.0,3.0,17.0,0.0,0.0,51.0,298.0
400021542,289291,Third place play-off,False,,2026-07-18T21:00:00Z,Jesus VALENZUELA,64478,away,England,France,6,4,51.0,8.0,0.0,0.0,19.0,11.0,535.0,479.0,4.0,3.0,8.0,6.0,4.0,4.0,2.0,3.0,5.0,15.0,4.0,21.0,7.0,4.0,5.0,11.0,353.0,82.0,140.0,131.0,85.0,14.0,178.0,132.0,25.0,17.0,13.0,5.0,5.0,16.0,1.0,0.0,32.0,223.0
400021542,289291,Third place play-off,False,,2026-07-18T21:00:00Z,Jesus VALENZUELA,64478,home,France,England,4,6,41.0,14.0,0.0,0.0,19.0,9.0,453.0,412.0,3.0,3.0,8.0,4.0,6.0,4.0,0.0,4.0,8.0,12.0,7.0,19.0,4.0,11.0,8.0,24.0,340.0,120.0,127.0,93.0,120.0,15.0,141.0,123.0,19.0,16.0,8.0,1.0,5.0,10.0,0.0,0.0,30.0,335.0
400021543,289292,Final,False,,2026-07-19T19:00:00Z,Slavko VINCIC,80663,away,Argentina,Spain,0,1,32.0,25.0,6.0,1.0,2.0,0.0,476.0,375.0,4.0,1.0,8.0,0.0,1.0,0.0,0.0,0.0,1.0,1.0,1.0,15.0,0.0,5.0,5.0,11.0,312.0,60.0,124.0,128.0,75.0,6.0,198.0,105.0,16.0,5.0,9.0,1.0,5.0,25.0,0.0,0.0,54.0,445.0
400021543,289292,Final,False,,2026-07-19T19:00:00Z,Slavko VINCIC,80663,home,Spain,Argentina,1,0,60.0,21.0,0.0,0.0,20.0,12.0,878.0,789.0,9.0,4.0,8.0,1.0,0.0,1.0,0.0,1.0,6.0,8.0,12.0,29.0,10.0,13.0,12.0,37.0,605.0,179.0,263.0,163.0,149.0,18.0,270.0,205.0,31.0,22.0,24.0,4.0,13.0,25.0,0.0,0.0,56.0,300.0
