Rank,Player,Team,Position,Goals,Assists,Minutes,Assists_per_90
1,Kylian Mbappe,FRA,FW,10,4,769,0.4681404421326398
2,Lionel Messi,ARG,FW,8,4,853,0.42203985932004684
3,Jude Bellingham,ENG,MF,7,1,698,0.12893982808022922
4,Erling Haaland,NOR,FW,7,0,537,0.0
5,Ousmane Dembele,FRA,FW,6,2,648,0.2777777777777778
6,Harry Kane,ENG,FW,6,1,732,0.12295081967213115
7,Mikel Oyarzabal,ESP,FW,5,1,664,0.13554216867469882
8,Ismaila Sarr,SEN,FW,4,1,419,0.21479713603818618
9,Julian Quinones,MEX,FW,4,1,440,0.20454545454545453
10,Vinicius Junior,BRA,FW,4,1,505,0.1782178217821782
11,Bukayo Saka,ENG,FW,3,3,411,0.656934306569343
12,Deniz Undav,GER,FW,3,2,174,1.0344827586206897
13,Johan Manzambi,SUI,MF,3,2,220,0.8181818181818181
14,Romelu Lukaku,BEL,FW,3,1,279,0.3225806451612903
15,Lautaro Martinez,ARG,FW,3,1,368,0.24456521739130435
16,Charles De Ketelaere,BEL,FW,3,1,385,0.23376623376623376
17,Cody Gakpo,NED,FW,3,1,394,0.22842639593908629
18,Bradley Barcola,FRA,FW,3,1,432,0.20833333333333331
19,Brian Brobbey,NED,FW,3,0,245,0.0
20,Elijah Just,NZL,MF,3,0,291,0.0
21,Matheus Cunha,BRA,FW,3,0,324,0.0
22,Folarin Balogun,USA,FW,3,0,348,0.0
23,Raul Jimenez,MEX,FW,3,0,348,0.0
24,Kai Havertz,GER,FW,3,0,392,0.0
25,Yoane Wissa,COD,FW,3,0,409,0.0
26,Ismael Saibari,MAR,MF,3,0,411,0.0
27,Jonathan David,CAN,FW,3,0,475,0.0
28,Cristiano Ronaldo,POR,FW,3,0,490,0.0
29,Crysencio Summerville,NED,FW,2,2,282,0.6382978723404256
30,Breel Embolo,SUI,FW,2,2,531,0.3389830508474576
31,Leandro Trossard,BEL,FW,2,2,561,0.32085561497326204
32,Soufiane Rahimi,MAR,FW,2,1,215,0.41860465116279066
33,Nicolas Pepe,CIV,FW,2,1,255,0.3529411764705882
34,Pape Gueye,SEN,MF,2,1,257,0.35019455252918286
35,Maxi Araujo,URU,MF,2,1,278,0.32374100719424465
36,Riyad Mahrez,ALG,FW,2,1,288,0.3125
38,Ruben Vargas,SUI,FW,2,1,314,0.28662420382165604
39,Ayase Ueda,JPN,FW,2,1,349,0.25787965616045844
40,Mostafa Zico,EGY,MF,2,1,398,0.22613065326633167
41,Malik Tillman,USA,MF,2,1,415,0.2168674698795181
43,Habib Diarra,SEN,MF,2,0,168,0.0
44,Marko Arnautovic,AUT,FW,2,0,173,0.0
45,Amad Diallo,CIV,FW,2,0,211,0.0
46,Cyle Larin,CAN,FW,2,0,224,0.0
47,Anthony Elanga,SWE,FW,2,0,247,0.0
48,Mikel Merino,ESP,MF,2,0,262,0.0
49,Daichi Kamada,JPN,MF,2,0,359,0.0
50,Yasin Ayari,SWE,MF,2,0,371,0.0
51,Emam Ashour,EGY,MF,2,0,395,0.0
52,Dan Ndoye,SUI,FW,2,0,437,0.0
54,Azzedine Ounahi,MAR,MF,2,0,477,0.0
55,Youri Tielemans,BEL,MF,2,0,538,0.0
57,Enzo Fernandez,ARG,MF,2,0,755,0.0
58,Andreas Schjelderup,NOR,MF,1,3,297,0.9090909090909092
59,Alexander Isak,SWE,FW,1,3,389,0.6940874035989717
60,Anthony Gordon,ENG,FW,1,3,442,0.6108597285067874
61,Iliman Ndiaye,SEN,FW,1,2,134,1.3432835820895521
62,Nathan Saliba,CAN,MF,1,2,206,0.8737864077669902
63,Hans Vanaken,BEL,MF,1,2,362,0.49723756906077343
64,Viktor Gyokeres,SWE,FW,1,2,400,0.45
65,Julio Enciso,PAR,FW,1,2,431,0.4176334106728538
66,Mohamed Salah,EGY,FW,1,2,469,0.3837953091684435
67,Declan Rice,ENG,MF,1,2,622,0.28938906752411575
69,Promise David,CAN,FW,1,1,105,0.8571428571428572
70,Baris Alper Yilmaz,TUR,FW,1,1,200,0.45
71,Rafael Leao,POR,FW,1,1,203,0.4433497536945813
72,Trezeguet,EGY,FW,1,1,204,0.4411764705882353
73,Mousa Altamari,JOR,FW,1,1,230,0.391304347826087
74,Sebastian Berhalter,USA,MF,1,1,231,0.38961038961038963
75,Marcus Rashford,ENG,FW,1,1,258,0.3488372093023256
76,Luis Romo,MEX,MF,1,1,284,0.31690140845070425
77,Hwang Inbeom,KOR,MF,1,1,286,0.3146853146853147
78,Felix Nmecha,GER,MF,1,1,299,0.3010033444816054
79,Kaishu Sano,JPN,MF,1,1,303,0.297029702970297
81,Keito Nakamura,JPN,MF,1,1,330,0.2727272727272727
82,Petar Sucic,CRO,MF,1,1,338,0.2662721893491124
83,Ferran Torres,ESP,FW,1,1,349,0.25787965616045844
84,Ivan Perisic,CRO,FW,1,1,413,0.2179176755447942
86,Matias Galarza,PAR,MF,1,1,439,0.20501138952164008
88,Desire Doue,FRA,FW,1,1,449,0.20044543429844097
89,Alex Baena,ESP,MF,1,1,522,0.17241379310344826
90,Luis Diaz,COL,FW,1,1,525,0.17142857142857143
92,Alexis Mac Allister,ARG,MF,1,1,869,0.10356731875719218
105,Hazem Mastouri,TUN,FW,1,0,92,0.0
106,Jaminton Campaz,COL,FW,1,0,98,0.0
107,Thelo Aasgaard,NOR,MF,1,0,100,0.0
108,Gessime Yassine,MAR,MF,1,0,101,0.0
109,Alexis Saelemaekers,BEL,MF,1,0,107,0.0
110,Alvaro Fidalgo,MEX,MF,1,0,117,0.0
111,Petar Musa,CRO,FW,1,0,119,0.0
113,Aymen Hussein,IRQ,FW,1,0,128,0.0
114,Helio Varela,CPV,MF,1,0,130,0.0
115,Oh Hyeongyu,KOR,FW,1,0,145,0.0
117,Giovanni Reyna,USA,MF,1,0,155,0.0
118,Brian Cipenga,COD,FW,1,0,160,0.0
119,Ante Budimir,CRO,FW,1,0,168,0.0
120,Gabriel Martinelli,BRA,FW,1,0,171,0.0
123,Wilson Isidor,HAI,FW,1,0,201,0.0
124,Ibrahim Mbaye,SEN,FW,1,0,203,0.0
125,Michal Sadilek,CZE,MF,1,0,204,0.0
126,Nikola Vlasic,CRO,MF,1,0,204,0.0
128,Mauricio,PAR,MF,1,0,208,0.0
129,Nilson Angulo,ECU,FW,1,0,240,0.0
130,Abbosbek Fayzullaev,UZB,MF,1,0,240,0.0
131,Junya Ito,JPN,MF,1,0,242,0.0
132,Livano Comenencia,CUW,MF,1,0,253,0.0
133,Thapelo Maseko,RSA,FW,1,0,255,0.0
134,Agustin Canobbio,URU,MF,1,0,261,0.0
136,Amine Gouiri,ALG,FW,1,0,270,0.0
137,Daizen Maeda,JPN,MF,1,0,271,0.0
138,Mohammad Mohebbi,IRN,MF,1,0,271,0.0
140,John Mcginn,SCO,MF,1,0,277,0.0
141,Romano Schmid,AUT,MF,1,0,283,0.0
142,Nestory Irankunda,AUS,FW,1,0,285,0.0
143,Nizar Alrashdan,JOR,MF,1,0,289,0.0
144,Ali Olwan,JOR,FW,1,0,297,0.0
145,Deroy Duarte,CPV,MF,1,0,300,0.0
147,Teboho Mokoena,RSA,MF,1,0,301,0.0
148,Eldor Shomurodov,UZB,FW,1,0,304,0.0
149,Jamal Musiala,GER,MF,1,0,305,0.0
151,Caleb Yirenkyi,GHA,MF,1,0,307,0.0
152,Kerim Alajbegovic,BIH,FW,1,0,312,0.0
153,Arda Guler,TUR,FW,1,0,313,0.0
155,Martin Baturina,CRO,MF,1,0,344,0.0
156,Connor Metcalfe,AUS,MF,1,0,354,0.0
157,Antonio Nusa,NOR,FW,1,0,357,0.0
158,Leroy Sane,GER,MF,1,0,360,0.0
160,Fabian Ruiz,ESP,MF,1,0,366,0.0
161,Franck Kessie,CIV,MF,1,0,389,0.0
162,Kevin Pina,CPV,MF,1,0,389,0.0
163,Jhon Arias,COL,MF,1,0,405,0.0
164,Gonzalo Plata,ECU,FW,1,0,407,0.0
165,Marcel Sabitzer,AUT,MF,1,0,412,0.0
166,Kevin De Bruyne,BEL,MF,1,0,412,0.0
167,Casemiro,BRA,MF,1,0,425,0.0
169,Stephen Eustaquio,CAN,MF,1,0,444,0.0
171,Joao Neves,POR,MF,1,0,450,0.0
174,Granit Xhaka,SUI,MF,1,0,673,0.0
176,Julian Alvarez,ARG,FW,1,0,690,0.0
177,Lamine Yamal,ESP,FW,1,0,697,0.0
179,Michael Olise,FRA,FW,0,7,719,0.8762169680111266
180,Bruno Guimaraes,BRA,MF,0,4,458,0.7860262008733624
181,Brahim Diaz,MAR,FW,0,4,500,0.72
182,Martin Odegaard,NOR,MF,0,4,537,0.6703910614525139
183,Florian Wirtz,GER,MF,0,3,405,0.6666666666666667
184,Roberto Alvarado,MEX,FW,0,3,476,0.5672268907563025
185,Houssem Aouar,ALG,MF,0,2,191,0.9424083769633509
186,Hannibal Mejbri,TUN,MF,0,2,298,0.6040268456375839
187,Chris Wood,NZL,FW,0,2,306,0.5882352941176471
188,Ryan Gravenberch,NED,MF,0,2,374,0.48128342245989303
190,Nicolas Raskin,BEL,MF,0,2,396,0.4545454545454546
192,Patrick Berg,NOR,MF,0,2,519,0.3468208092485549
193,Dani Olmo,ESP,FW,0,2,535,0.33644859813084116
207,Ernest Nuamah,GHA,FW,0,1,109,0.8256880733944955
209,Haissem Hassan,EGY,FW,0,1,138,0.6521739130434783
210,Kevin Rodriguez,ECU,FW,0,1,146,0.6164383561643836
211,Juan Quintero,COL,MF,0,1,146,0.6164383561643836
212,Alexandr Sojka,CZE,MF,0,1,155,0.5806451612903226
213,Nico Williams,ESP,FW,0,1,159,0.5660377358490566
214,Orkun Kokcu,TUR,MF,0,1,172,0.5232558139534884
218,Ivan Basic,BIH,MF,0,1,200,0.45
219,Michael Gregoritsch,AUT,FW,0,1,207,0.43478260869565216
220,Lucas Bergvall,SWE,MF,0,1,207,0.43478260869565216
221,Tijjani Reijnders,NED,MF,0,1,211,0.4265402843601896
222,Paul Okon Engstler,AUS,MF,0,1,214,0.4205607476635514
224,Chemsdine Talbi,MAR,MF,0,1,217,0.4147465437788018
226,Edmilson Junior,QAT,FW,0,1,228,0.39473684210526316
229,Akmal Mozgovoy,UZB,MF,0,1,243,0.3703703703703704
230,Eberechi Eze,ENG,MF,0,1,247,0.3643724696356275
231,Christian Pulisic,USA,FW,0,1,253,0.3557312252964427
232,Lucas Paqueta,BRA,MF,0,1,255,0.3529411764705882
233,Xaver Schlager,AUT,MF,0,1,265,0.33962264150943394
234,Nicolas Jackson,SEN,FW,0,1,271,0.33210332103321033
235,Amir Alammari,IRQ,MF,0,1,279,0.3225806451612903
236,Lamine Camara,SEN,MF,0,1,287,0.313588850174216
238,Mateo Kovacic,CRO,MF,0,1,293,0.30716723549488056
239,Ritsu Doan,JPN,MF,0,1,295,0.30508474576271183
240,Lee Kangin,KOR,MF,0,1,300,0.30000000000000004
243,Ibrahim Sangare,CIV,MF,0,1,305,0.29508196721311475
244,Noor Alrawabdeh,JOR,MF,0,1,309,0.29126213592233013
245,Nico Gonzalez,ARG,MF,0,1,324,0.2777777777777778
246,Rayan,BRA,FW,0,1,327,0.27522935779816515
250,Luka Modric,CRO,MF,0,1,360,0.25
251,Yan Diomande,CIV,FW,0,1,361,0.24930747922437674
252,Luis Suarez,COL,FW,0,1,365,0.24657534246575344
253,Ryan Mendes,CPV,FW,0,1,366,0.2459016393442623
255,Pedro Neto,POR,FW,0,1,381,0.23622047244094488
258,Erik Lira,MEX,MF,0,1,391,0.23017902813299235
259,Aurelien Tchouameni,FRA,MF,0,1,407,0.22113022113022113
260,Pedro Vite,ECU,MF,0,1,407,0.22113022113022113
262,Morgan Rogers,ENG,MF,0,1,411,0.21897810218978103
263,Konrad Laimer,AUT,MF,0,1,412,0.21844660194174756
265,Sadio Mane,SEN,FW,0,1,421,0.2137767220902613
267,Bruno Fernandes,POR,MF,0,1,471,0.19108280254777069
269,Marawan Attia,EGY,MF,0,1,495,0.18181818181818182
272,Rodrigo De Paul,ARG,MF,0,1,539,0.16697588126159554
276,Adrien Rabiot,FRA,MF,0,1,657,0.136986301369863
277,Elliot Anderson,ENG,MF,0,1,713,0.12622720897615708
789,Timothy Weah,USA,FW,0,0,90,0.0
791,Garry Rodrigues,CPV,MF,0,0,90,0.0
793,Ajdin Hrustic,AUS,FW,0,0,90,0.0
794,Odiljon Xamrobekov,UZB,MF,0,0,90,0.0
795,Mohamed Manai,QAT,FW,0,0,91,0.0
797,Gilson Benchimol,CPV,FW,0,0,93,0.0
800,Bazoumana Toure,CIV,FW,0,0,94,0.0
801,Pape Matar Sarr,SEN,MF,0,0,94,0.0
802,Antonio Sanabria,PAR,FW,0,0,95,0.0
803,Fabinho,BRA,MF,0,0,95,0.0
804,Armin Gigovic,BIH,MF,0,0,95,0.0
806,Oguz Aydin,TUR,FW,0,0,97,0.0
808,Sebastian Tounekti,TUN,MF,0,0,98,0.0
815,Exequiel Palacios,ARG,MF,0,0,100,0.0
827,Zeki Amdouni,SUI,FW,0,0,101,0.0
828,Florian Grillitsch,AUT,MF,0,0,102,0.0
831,Yunus Akgun,TUR,FW,0,0,103,0.0
832,Seko Fofana,CIV,MF,0,0,103,0.0
833,Ryan Thomas,NZL,MF,0,0,103,0.0
835,Mohammad Ghorbani,IRN,MF,0,0,104,0.0
843,Yusuf Abdurisag,QAT,FW,0,0,105,0.0
845,Carney Chukwuemeka,AUT,MF,0,0,108,0.0
846,Shahriyar Moghanloo,IRN,FW,0,0,108,0.0
847,Jhon Cordoba,COL,FW,0,0,108,0.0
849,Ben Old,NZL,MF,0,0,112,0.0
850,Karim Boudiaf,QAT,MF,0,0,114,0.0
851,Ryan Christie,SCO,MF,0,0,114,0.0
853,Anis Hadj Moussa,ALG,FW,0,0,114,0.0
854,Marco Pasalic,CRO,FW,0,0,114,0.0
857,Nicolas De La Cruz,URU,MF,0,0,115,0.0
858,Gustavo Caballero,PAR,MF,0,0,117,0.0
859,Jorgen Strand Larsen,NOR,FW,0,0,117,0.0
860,Santiago Gimenez,MEX,FW,0,0,117,0.0
863,Salih Ozcan,TUR,MF,0,0,120,0.0
864,Dostonbek Khamdamov,UZB,MF,0,0,120,0.0
865,Joao Paulo,CPV,MF,0,0,121,0.0
866,Samir El Mourabet,MAR,MF,0,0,121,0.0
867,Leon Goretzka,GER,MF,0,0,122,0.0
868,Hwang Heechan,KOR,MF,0,0,123,0.0
870,Elias Saad,TUN,FW,0,0,124,0.0
872,Lee Jaesung,KOR,MF,0,0,125,0.0
873,Igor Matanovic,CRO,FW,0,0,125,0.0
874,Jacob Shaffelburg,CAN,MF,0,0,126,0.0
875,Ramiz Zerrouki,ALG,MF,0,0,126,0.0
877,Zaid Ismael,IRQ,MF,0,0,126,0.0
878,Amadou Onana,BEL,MF,0,0,127,0.0
879,Elye Wahi,CIV,FW,0,0,127,0.0
880,Warren Zaire Emery,FRA,MF,0,0,128,0.0
881,Louicius Deedson,HAI,FW,0,0,129,0.0
882,Jayden Adams,RSA,MF,0,0,130,0.0
884,Bernardo Silva,POR,MF,0,0,133,0.0
887,Lenny Joseph,HAI,FW,0,0,134,0.0
888,Ahmed Qasem,IRQ,FW,0,0,135,0.0
889,Kamaldeen Sulemana,GHA,FW,0,0,136,0.0
891,Lukas Provod,CZE,MF,0,0,137,0.0
892,Inaki Williams,GHA,FW,0,0,140,0.0
893,Assim Madibo,QAT,MF,0,0,140,0.0
894,Azizjon Ganiev,UZB,MF,0,0,140,0.0
895,Ismael Gharbi,TUN,MF,0,0,142,0.0
897,Hicham Boudaoui,ALG,MF,0,0,143,0.0
899,Raphinha,BRA,FW,0,0,143,0.0
900,Kerem Akturkoglu,TUR,FW,0,0,143,0.0
901,Kenny Mclean,SCO,MF,0,0,144,0.0
902,Ali Jasim,IRQ,FW,0,0,144,0.0
903,Teun Koopmeiners,NED,MF,0,0,145,0.0
904,Endrick,BRA,FW,0,0,146,0.0
905,Jesper Karlstrom,SWE,MF,0,0,147,0.0
907,Jovane Cabral,CPV,MF,0,0,148,0.0
909,Benjamin Nygren,SWE,MF,0,0,149,0.0
911,Tomas Soucek,CZE,MF,0,0,152,0.0
912,Mahmoud Almardi,JOR,FW,0,0,152,0.0
913,Ismail Yuksek,TUR,MF,0,0,153,0.0
919,Willy Semedo,CPV,MF,0,0,156,0.0
920,Mario Pasalic,CRO,MF,0,0,158,0.0
921,Che Adams,SCO,FW,0,0,160,0.0
923,Ismael Kone,CAN,MF,0,0,160,0.0
924,Rani Khedira,TUN,MF,0,0,162,0.0
925,Abdul Fatawu,GHA,FW,0,0,163,0.0
926,Ahmed Fathy,QAT,MF,0,0,163,0.0
927,Nathanael Mbuku,COD,MF,0,0,163,0.0
928,Francisco Conceicao,POR,FW,0,0,163,0.0
929,Odeh Fakhoury,JOR,FW,0,0,163,0.0
932,Elisha Owusu,GHA,MF,0,0,166,0.0
935,Musab Aljuwayr,KSA,MF,0,0,167,0.0
936,Frantzdy Pierrot,HAI,FW,0,0,168,0.0
937,Rayan Cherki,FRA,MF,0,0,169,0.0
939,Gabriel Avalos,PAR,FW,0,0,170,0.0
942,Adam Hlozek,CZE,FW,0,0,172,0.0
943,Lukas Cerv,CZE,MF,0,0,172,0.0
946,Callum Mccowatt,NZL,MF,0,0,173,0.0
948,Sofyan Amrabat,MAR,MF,0,0,175,0.0
949,Richard Rios,COL,MF,0,0,175,0.0
950,Jose Fajardo,PAN,FW,0,0,176,0.0
951,Liam Millar,CAN,MF,0,0,176,0.0
952,Michel Aebischer,SUI,MF,0,0,176,0.0
953,Edo Kayembe,COD,MF,0,0,177,0.0
957,Cristian Volpato,AUS,FW,0,0,180,0.0
959,Nuno Da Costa,CPV,MF,0,0,180,0.0
962,Iqraam Rayners,RSA,FW,0,0,182,0.0
963,Darwin Nunez,URU,FW,0,0,182,0.0
964,Mohamed Toure,AUS,FW,0,0,182,0.0
967,Lawrence Shankland,SCO,FW,0,0,183,0.0
968,Son Heungmin,KOR,FW,0,0,183,0.0
969,Relebohile Mofokeng,RSA,FW,0,0,184,0.0
972,Laros Duarte,CPV,MF,0,0,187,0.0
976,Dodi Lukebakio,BEL,FW,0,0,194,0.0
977,Edin Dzeko,BIH,FW,0,0,196,0.0
978,Donyell Malen,NED,FW,0,0,197,0.0
979,Manuel Ugarte,URU,MF,0,0,197,0.0
982,Dailon Livramento,CPV,FW,0,0,198,0.0
983,Patrik Schick,CZE,FW,0,0,199,0.0
986,Ali Alhamadi,IRQ,FW,0,0,201,0.0
990,Abdullah Alkhaibari,KSA,MF,0,0,203,0.0
993,Ben Gannon Doak,SCO,FW,0,0,204,0.0
1000,Josue Casimir,HAI,FW,0,0,208,0.0
1001,Hakan Calhanoglu,TUR,MF,0,0,208,0.0
1004,Pavel Sulc,CZE,FW,0,0,209,0.0
1005,Zidane Iqbal,IRQ,MF,0,0,210,0.0
1006,Cedric Bakambu,COD,FW,0,0,210,0.0
1009,Federico Vinas,URU,FW,0,0,211,0.0
1011,Paik Seungho,KOR,MF,0,0,216,0.0
1012,Damian Bobadilla,PAR,MF,0,0,216,0.0
1013,Giuliano Simeone,ARG,FW,0,0,217,0.0
1014,Joao Felix,POR,FW,0,0,218,0.0
1015,Ngalayel Mukau,COD,MF,0,0,220,0.0
1017,Ivan Sunjic,BIH,MF,0,0,221,0.0
1019,Ao Tanaka,JPN,MF,0,0,225,0.0
1020,Brian Gutierrez,MEX,MF,0,0,226,0.0
1021,Sarpreet Singh,NZL,MF,0,0,227,0.0
1022,Saman Ghoddos,IRN,MF,0,0,228,0.0
1023,Nasser Aldawsari,KSA,MF,0,0,230,0.0
1024,Pathe Ciss,SEN,MF,0,0,232,0.0
1028,Gilberto Mora,MEX,MF,0,0,236,0.0
1030,Ruben Providence,HAI,FW,0,0,237,0.0
1032,Juan Manuel Sanabria,URU,MF,0,0,237,0.0
1037,Christ Inao Oulai,CIV,MF,0,0,240,0.0
1038,Evidence Makgopa,RSA,FW,0,0,241,0.0
1040,Ricardo Pepi,USA,FW,0,0,247,0.0
1041,Julian Ryerson,NOR,FW,0,0,248,0.0
1042,Kenan Yildiz,TUR,FW,0,0,249,0.0
1043,Juergen Locadia,CUW,FW,0,0,250,0.0
1044,Jose Luis Rodriguez,PAN,MF,0,0,251,0.0
1045,Sphephelo Sithole,RSA,MF,0,0,252,0.0
1047,Amar Memic,BIH,MF,0,0,254,0.0
1048,Jackson Irvine,AUS,MF,0,0,255,0.0
1050,Mohamed Kanno,KSA,MF,0,0,256,0.0
1053,Anis Slimane,TUN,MF,0,0,257,0.0
1054,Ali Ahmed,CAN,FW,0,0,258,0.0
1055,Ange Yoan Bonny,CIV,FW,0,0,258,0.0
1057,Ibrahim Bayesh,IRQ,MF,0,0,259,0.0
1059,Hamdy Fathy,EGY,MF,0,0,260,0.0
1061,Feras Albrikan,KSA,FW,0,0,262,0.0
1062,Esmir Bajraktarevic,BIH,FW,0,0,262,0.0
1063,Cristian Martinez,PAN,MF,0,0,264,0.0
1064,Benjamin Tahirovic,BIH,MF,0,0,266,0.0
1065,Tahith Chong,CUW,MF,0,0,267,0.0
1067,Ellyes Skhiri,TUN,MF,0,0,267,0.0
1068,Thiago Almada,ARG,FW,0,0,267,0.0
1069,Otabek Shukurov,UZB,MF,0,0,268,0.0
1072,Akram Afif,QAT,FW,0,0,269,0.0
1073,Alan Franco,ECU,MF,0,0,270,0.0
1074,Paul Wanner,AUT,MF,0,0,270,0.0
1075,Edgar Yoel Barcenas,PAN,MF,0,0,272,0.0
1076,Federico Valverde,URU,MF,0,0,272,0.0
1079,Joe Bell,NZL,MF,0,0,275,0.0
1080,Salem Aldawsari,KSA,FW,0,0,276,0.0
1082,Djibril Sow,SUI,MF,0,0,276,0.0
1084,Oscar Bobb,NOR,MF,0,0,279,0.0
1085,Juninho Bacuna,CUW,MF,0,0,280,0.0
1086,Kwasi Sibo,GHA,MF,0,0,282,0.0
1090,Oswin Appollis,RSA,FW,0,0,287,0.0
1092,Danley Jean Jacques,HAI,MF,0,0,288,0.0
1093,Tani Oluwaseyi,CAN,FW,0,0,288,0.0
1095,Jean Ricner Bellegarde,HAI,MF,0,0,292,0.0
1098,Mehdi Taremi,IRN,FW,0,0,293,0.0
1100,Thalente Mbatha,RSA,MF,0,0,293,0.0
1102,Mohannad Abutaha,JOR,MF,0,0,296,0.0
1104,Noah Sadiki,COD,MF,0,0,297,0.0
1105,Saeid Ezatolahi,IRN,MF,0,0,298,0.0
1107,Lee Gihyuk,KOR,MF,0,0,300,0.0
1110,Aleksandar Pavlovic,GER,MF,0,0,300,0.0
1112,Leandro Bacuna,CUW,MF,0,0,300,0.0
1122,Marko Stamenic,NZL,MF,0,0,302,0.0
1130,Miguel Almiron,PAR,MF,0,0,306,0.0
1133,Lewis Ferguson,SCO,MF,0,0,306,0.0
1133,Scott Mctominay,SCO,MF,0,0,306,0.0
1141,Thomas Partey,GHA,MF,0,0,307,0.0
1156,Enner Valencia,ECU,FW,0,0,311,0.0
1159,Rodrigo Bentancur,URU,MF,0,0,313,0.0
1163,Nabil Bentaleb,ALG,MF,0,0,313,0.0
1166,Jamiro Monteiro,CPV,MF,0,0,314,0.0
1167,Noni Madueke,ENG,FW,0,0,315,0.0
1170,Jordan Ayew,GHA,FW,0,0,323,0.0
1171,John Yeboah,ECU,FW,0,0,330,0.0
1172,Diego Gomez,PAR,MF,0,0,332,0.0
1173,Fabian Rieder,SUI,MF,0,0,332,0.0
1175,James Rodriguez,COL,MF,0,0,338,0.0
1176,Jeremy Doku,BEL,FW,0,0,341,0.0
1182,Fredrik Aursnes,NOR,MF,0,0,355,0.0
1184,Samuel Moutoussamy,COD,MF,0,0,360,0.0
1185,Frenkie De Jong,NED,MF,0,0,360,0.0
1186,Nicolas Seiwald,AUT,MF,0,0,361,0.0
1188,Alexander Sorloth,NOR,FW,0,0,363,0.0
1190,Omar Marmoush,EGY,FW,0,0,369,0.0
1196,Ibrahim Maza,ALG,MF,0,0,389,0.0
1198,Denis Zakaria,SUI,MF,0,0,392,0.0
1199,Tyler Adams,USA,MF,0,0,397,0.0
1202,Ermedin Demirovic,BIH,FW,0,0,399,0.0
1204,Tajon Buchanan,CAN,FW,0,0,401,0.0
1209,Fares Chaibi,ALG,MF,0,0,403,0.0
1212,Vitinha,POR,MF,0,0,404,0.0
1215,Aiden Oneill,AUS,MF,0,0,406,0.0
1216,Moises Caicedo,ECU,MF,0,0,407,0.0
1222,Mohanad Lashin,EGY,MF,0,0,409,0.0
1223,Idrissa Gana Gueye,SEN,MF,0,0,411,0.0
1229,Antoine Semenyo,GHA,MF,0,0,414,0.0
1237,Ayyoub Bouaddi,MAR,MF,0,0,425,0.0
1238,Manu Kone,FRA,MF,0,0,426,0.0
1251,Jefferson Lerma,COL,MF,0,0,459,0.0
1259,Bilal El Khannouss,MAR,MF,0,0,501,0.0
1261,Weston Mckennie,USA,MF,0,0,504,0.0
1278,Andres Cubas,PAR,MF,0,0,554,0.0
1281,Sander Berge,NOR,MF,0,0,554,0.0
1284,Leandro Paredes,ARG,MF,0,0,557,0.0
1285,Pedri,ESP,MF,0,0,565,0.0
1288,Neil El Aynaoui,MAR,MF,0,0,634,0.0
1291,Remo Freuler,SUI,MF,0,0,654,0.0
1299,Rodri,ESP,MF,0,0,819,0.0
